,0,1,2,3,4,5,6,7,8,9,10,11,12,13,14,15,16,17,18,19,20,21,22,23,24,25,26,27,28,29,30,31,32,33,34,35,36,37,38,39,40,41,42,43,44,45,46,47,48,49,50,51,52,53,54,55,56,57,58,59,60,61,62,63,64,65,66,67,68,69,70,71,72,73,74,75,76,77,78,79,80,81,82,83,84,85,86,87,88,89,90,91,92,93
0,0.1010362971081845,0.0,0.0,0.0,0.0,0.0875,0.175,0.175,0.175,0.0875,0.0,0.0,0.0,0.0,0.0,0.0,0.0,0.0875,0.175,0.175,0.175,0.0875,0.0,0.0,0.0,0.0,0.0,0.0,0.0,0.0,0.0,0.0,0.0,0.1237436867076458,0.2474873734152916,0.2474873734152916,0.2474873734152916,0.2474873734152916,0.0,0.0,0.0,0.0875,0.175,0.175,0.175,0.0875,0.0,0.0,0.0,0.0875,0.175,0.175,0.175,0.175,0.175,0.175,0.175,0.2895725942163689,0.404145188432738,0.404145188432738,0.404145188432738,0.404145188432738,0.0,0.0,0.202072594216369,0.404145188432738,0.404145188432738,0.404145188432738,0.404145188432738,0.404145188432738,0.404145188432738,0.404145188432738,0.404145188432738,0.2895725942163689,0.175,0.175,0.175,0.0875,0.0,0.0,0.0,0.0,0.202072594216369,0.202072594216369,0.202072594216369,0.1010362971081845,0.0,0.0,0.0,0.0,0.0,0.0,0.0,0.0875
1,0.1010362971081845,0.0,0.0,0.0,0.0,0.0875,0.175,0.175,0.175,0.0875,0.0,0.0,0.0,0.0,0.0,0.0,0.0,0.0875,0.175,0.175,0.175,0.0875,0.0,0.0,0.0,0.0,0.0,0.0,0.0,0.0,0.0,0.0,0.0,0.1237436867076458,0.2474873734152916,0.2474873734152916,0.2474873734152916,0.2474873734152916,0.0,0.0,0.0,0.0875,0.175,0.175,0.175,0.0875,0.0,0.0,0.0,0.0875,0.175,0.175,0.175,0.175,0.175,0.175,0.175,0.2895725942163689,0.404145188432738,0.404145188432738,0.404145188432738,0.404145188432738,0.0,0.0,0.202072594216369,0.404145188432738,0.404145188432738,0.404145188432738,0.404145188432738,0.404145188432738,0.404145188432738,0.404145188432738,0.404145188432738,0.2895725942163689,0.175,0.175,0.175,0.0875,0.0,0.0,0.0,0.0,0.202072594216369,0.202072594216369,0.202072594216369,0.1010362971081845,0.0,0.0,0.0,0.0,0.0,0.0,0.0,0.0875
2,0.1010362971081845,0.0,0.0,0.0,0.0,0.0875,0.175,0.175,0.175,0.0875,0.0,0.0,0.0,0.0,0.0,0.0,0.0,0.0875,0.175,0.175,0.175,0.0875,0.0,0.0,0.0,0.0,0.0,0.0,0.0,0.0,0.0,0.0,0.0,0.1237436867076458,0.2474873734152916,0.2474873734152916,0.2474873734152916,0.2474873734152916,0.0,0.0,0.0,0.0875,0.175,0.175,0.175,0.0875,0.0,0.0,0.0,0.0875,0.175,0.175,0.175,0.175,0.175,0.175,0.175,0.1885362971081844,0.202072594216369,0.202072594216369,0.202072594216369,0.202072594216369,0.0,0.0,0.202072594216369,0.404145188432738,0.404145188432738,0.404145188432738,0.404145188432738,0.3031088913245535,0.202072594216369,0.202072594216369,0.202072594216369,0.1010362971081845,0.0,0.0,0.0,0.0,0.0,0.0,0.0,0.0,0.202072594216369,0.202072594216369,0.202072594216369,0.1010362971081845,0.0,0.0,0.0,0.0,0.0,0.0,0.0,0.0875
3,0.377072594216369,0.35,0.35,0.35,0.35,0.34999999999999987,0.35,0.35,0.35,0.175,0.0,0.0,0.0,0.0,0.0,0.0,0.0,0.0875,0.175,0.175,0.175,0.2112436867076458,0.2474873734152916,0.2474873734152916,0.2474873734152916,0.2247799838158302,0.202072594216369,0.202072594216369,0.202072594216369,0.202072594216369,0.1010362971081845,0.0,0.2474873734152916,0.3712310601229374,0.4949747468305832,0.4949747468305832,0.4949747468305832,0.4949747468305832,0.0,0.0,0.0,0.0875,0.175,0.175,0.175,0.0875,0.0,0.0,0.0,0.0875,0.175,0.175,0.175,0.175,0.175,0.175,0.175,0.2895725942163689,0.404145188432738,0.404145188432738,0.404145188432738,0.404145188432738,0.0,0.0,0.202072594216369,0.404145188432738,0.404145188432738,0.404145188432738,0.404145188432738,0.404145188432738,0.404145188432738,0.404145188432738,0.404145188432738,0.2895725942163689,0.175,0.175,0.175,0.0875,0.0,0.0,0.0,0.0,0.202072594216369,0.202072594216369,0.202072594216369,0.1010362971081845,0.0,0.0,0.0,0.1010362971081845,0.202072594216369,0.202072594216369,0.202072594216369,0.18853629710818448
4,0.1010362971081845,0.0,0.0,0.0,0.0,0.0875,0.175,0.175,0.175,0.0875,0.0,0.0,0.0,0.0,0.0,0.0,0.0,0.0875,0.175,0.175,0.175,0.0875,0.0,0.0,0.0,0.0,0.0,0.0,0.0,0.0,0.0,0.0,0.0,0.1237436867076458,0.2474873734152916,0.2474873734152916,0.2474873734152916,0.2474873734152916,0.0,0.0,0.0,0.0875,0.175,0.175,0.175,0.0875,0.0,0.0,0.0,0.0875,0.175,0.175,0.175,0.175,0.175,0.175,0.175,0.2895725942163689,0.404145188432738,0.404145188432738,0.404145188432738,0.404145188432738,0.0,0.0,0.202072594216369,0.404145188432738,0.404145188432738,0.404145188432738,0.404145188432738,0.404145188432738,0.404145188432738,0.404145188432738,0.404145188432738,0.2895725942163689,0.175,0.175,0.175,0.0875,0.0,0.0,0.0,0.0,0.202072594216369,0.202072594216369,0.202072594216369,0.1010362971081845,0.0,0.0,0.0,0.0,0.0,0.0,0.0,0.0875
5,0.1010362971081845,0.0,0.0,0.0,0.0,0.0875,0.175,0.175,0.175,0.0875,0.0,0.0,0.0,0.0,0.0,0.0,0.0,0.0875,0.175,0.175,0.175,0.0875,0.0,0.0,0.0,0.0,0.0,0.0,0.0,0.0,0.0,0.0,0.0,0.1237436867076458,0.2474873734152916,0.2474873734152916,0.2474873734152916,0.2474873734152916,0.0,0.0,0.0,0.0875,0.175,0.175,0.175,0.0875,0.0,0.0,0.0,0.0875,0.175,0.175,0.175,0.175,0.175,0.175,0.175,0.2895725942163689,0.404145188432738,0.404145188432738,0.404145188432738,0.404145188432738,0.0,0.0,0.202072594216369,0.404145188432738,0.404145188432738,0.404145188432738,0.404145188432738,0.404145188432738,0.404145188432738,0.404145188432738,0.404145188432738,0.2895725942163689,0.175,0.175,0.175,0.0875,0.0,0.0,0.0,0.0,0.202072594216369,0.202072594216369,0.202072594216369,0.1010362971081845,0.0,0.0,0.0,0.0,0.0,0.0,0.0,0.0875
6,0.1010362971081845,0.0,0.0,0.0,0.0,0.0875,0.175,0.175,0.175,0.0875,0.0,0.0,0.0,0.0,0.0,0.0,0.0,0.0875,0.175,0.175,0.175,0.0875,0.0,0.0,0.0,0.0,0.0,0.0,0.0,0.0,0.0,0.0,0.0,0.1237436867076458,0.2474873734152916,0.2474873734152916,0.2474873734152916,0.2474873734152916,0.0,0.0,0.0,0.0875,0.175,0.175,0.175,0.0875,0.0,0.0,0.0,0.0875,0.175,0.175,0.175,0.175,0.175,0.175,0.175,0.1885362971081844,0.202072594216369,0.202072594216369,0.202072594216369,0.202072594216369,0.0,0.0,0.202072594216369,0.404145188432738,0.404145188432738,0.404145188432738,0.404145188432738,0.3031088913245535,0.202072594216369,0.202072594216369,0.202072594216369,0.1010362971081845,0.0,0.0,0.0,0.0,0.0,0.0,0.0,0.0,0.202072594216369,0.202072594216369,0.202072594216369,0.1010362971081845,0.0,0.0,0.0,0.0,0.0,0.0,0.0,0.0875
7,0.1010362971081845,0.0,0.0,0.0,0.0,0.0875,0.175,0.175,0.175,0.0875,0.0,0.0,0.0,0.0,0.0,0.0,0.0,0.0875,0.175,0.175,0.175,0.0875,0.0,0.0,0.0,0.0,0.0,0.0,0.0,0.0,0.0,0.0,0.0,0.1237436867076458,0.2474873734152916,0.2474873734152916,0.2474873734152916,0.2474873734152916,0.0,0.0,0.0,0.0875,0.175,0.175,0.175,0.0875,0.0,0.0,0.0,0.0875,0.175,0.175,0.175,0.175,0.175,0.175,0.175,0.1885362971081844,0.202072594216369,0.202072594216369,0.202072594216369,0.202072594216369,0.0,0.0,0.202072594216369,0.404145188432738,0.404145188432738,0.404145188432738,0.404145188432738,0.3031088913245535,0.202072594216369,0.202072594216369,0.202072594216369,0.1010362971081845,0.0,0.0,0.0,0.0,0.0,0.0,0.0,0.0,0.202072594216369,0.202072594216369,0.202072594216369,0.1010362971081845,0.0,0.0,0.0,0.0,0.0,0.0,0.0,0.0875
8,0.1010362971081845,0.0,0.0,0.0,0.0,0.0875,0.175,0.175,0.175,0.0875,0.0,0.0,0.0,0.0,0.0,0.0,0.0,0.0875,0.175,0.175,0.175,0.0875,0.0,0.0,0.0,0.0,0.0,0.0,0.0,0.0,0.0,0.0,0.0,0.1237436867076458,0.2474873734152916,0.2474873734152916,0.2474873734152916,0.2474873734152916,0.0,0.0,0.0,0.0875,0.175,0.175,0.175,0.0875,0.0,0.0,0.0,0.0875,0.175,0.175,0.175,0.175,0.175,0.175,0.175,0.1885362971081844,0.202072594216369,0.202072594216369,0.202072594216369,0.202072594216369,0.0,0.0,0.202072594216369,0.404145188432738,0.404145188432738,0.404145188432738,0.404145188432738,0.3031088913245535,0.202072594216369,0.202072594216369,0.202072594216369,0.1010362971081845,0.0,0.0,0.0,0.0,0.0,0.0,0.0,0.0,0.202072594216369,0.202072594216369,0.202072594216369,0.1010362971081845,0.0,0.0,0.0,0.0,0.0,0.0,0.0,0.0875
9,0.1010362971081845,0.0,0.0,0.0,0.0,0.0875,0.175,0.175,0.175,0.18853629710818448,0.202072594216369,0.202072594216369,0.202072594216369,0.1010362971081845,0.0,0.0,0.0,0.175,0.35,0.35,0.35,0.175,0.0,0.0,0.0,0.0,0.0,0.0,0.0,0.0,0.0,0.0,0.0,0.1237436867076458,0.2474873734152916,0.2474873734152916,0.2474873734152916,0.2474873734152916,0.0,0.0,0.0,0.175,0.35,0.35,0.35,0.175,0.0,0.0,0.0,0.175,0.35,0.35,0.35,0.35,0.35,0.35,0.35,0.3770725942163688,0.404145188432738,0.404145188432738,0.404145188432738,0.404145188432738,0.0,0.0,0.202072594216369,0.404145188432738,0.404145188432738,0.404145188432738,0.404145188432738,0.404145188432738,0.404145188432738,0.404145188432738,0.404145188432738,0.2895725942163689,0.175,0.175,0.175,0.0875,0.0,0.0,0.0,0.0,0.202072594216369,0.202072594216369,0.202072594216369,0.1010362971081845,0.0,0.0,0.0,0.0,0.0,0.0,0.0,0.0875
10,0.0,0.0,0.0,0.0,0.0,0.0,0.0,0.0,0.0,0.0,0.0,0.0,0.0,0.0,0.0,0.0,0.0,0.26249999999999996,0.5249999999999999,0.5249999999999999,0.5249999999999999,0.26249999999999996,0.0,0.0,0.0,0.0,0.0,0.0,0.0,0.0,0.0,0.0,0.0,0.0,0.0,0.0,0.0,0.0,0.0,0.0,0.0,0.0,0.0,0.0,0.0,0.0,0.0,0.0,0.0,0.26249999999999996,0.5249999999999999,0.5249999999999999,0.5249999999999999,0.5249999999999999,0.5249999999999999,0.5249999999999999,0.5249999999999999,0.36353629710818436,0.202072594216369,0.202072594216369,0.202072594216369,0.202072594216369,0.0,0.0,0.1010362971081845,0.202072594216369,0.202072594216369,0.202072594216369,0.202072594216369,0.202072594216369,0.202072594216369,0.202072594216369,0.202072594216369,0.27603629710818445,0.35,0.35,0.35,0.175,0.0,0.0,0.0,0.0,0.0,0.0,0.0,0.0,0.0,0.0,0.0,0.0,0.0,0.0,0.0,0.0875
11,0.1010362971081845,0.0,0.0,0.0,0.0,0.0875,0.175,0.175,0.175,0.0875,0.0,0.0,0.0,0.0,0.0,0.0,0.0,0.0875,0.175,0.175,0.175,0.0875,0.0,0.0,0.0,0.0,0.0,0.0,0.0,0.0,0.0,0.0,0.0,0.1237436867076458,0.2474873734152916,0.2474873734152916,0.2474873734152916,0.2474873734152916,0.0,0.0,0.0,0.0875,0.175,0.175,0.175,0.0875,0.0,0.0,0.0,0.0875,0.175,0.175,0.175,0.175,0.175,0.175,0.175,0.1885362971081844,0.202072594216369,0.202072594216369,0.202072594216369,0.202072594216369,0.0,0.0,0.202072594216369,0.404145188432738,0.404145188432738,0.404145188432738,0.404145188432738,0.3031088913245535,0.202072594216369,0.202072594216369,0.202072594216369,0.1010362971081845,0.0,0.0,0.0,0.0,0.0,0.0,0.0,0.0,0.202072594216369,0.202072594216369,0.202072594216369,0.1010362971081845,0.0,0.0,0.0,0.0,0.0,0.0,0.0,0.0875
12,0.0,0.0,0.0,0.0,0.0,0.0875,0.175,0.175,0.175,0.1885362971081844,0.202072594216369,0.202072594216369,0.202072594216369,0.2247799838158302,0.2474873734152916,0.2474873734152916,0.2474873734152916,0.2112436867076458,0.175,0.175,0.175,0.2112436867076458,0.2474873734152916,0.2474873734152916,0.2474873734152916,0.1237436867076458,0.0,0.0,0.0,0.0,0.1237436867076458,0.2474873734152916,0.0,0.0,0.0,0.0,0.0,0.0,0.2474873734152916,0.2474873734152916,0.2474873734152916,0.2112436867076458,0.175,0.175,0.175,0.0875,0.0,0.0,0.0,0.0875,0.175,0.175,0.175,0.175,0.175,0.175,0.175,0.2895725942163689,0.404145188432738,0.404145188432738,0.404145188432738,0.404145188432738,0.202072594216369,0.202072594216369,0.3031088913245535,0.404145188432738,0.404145188432738,0.404145188432738,0.404145188432738,0.404145188432738,0.404145188432738,0.404145188432738,0.404145188432738,0.2895725942163689,0.175,0.175,0.175,0.0875,0.0,0.0,0.0,0.0,0.202072594216369,0.202072594216369,0.202072594216369,0.2247799838158302,0.2474873734152916,0.2474873734152916,0.2474873734152916,0.2247799838158302,0.202072594216369,0.202072594216369,0.202072594216369,0.18853629710818448
13,0.1010362971081845,0.0,0.0,0.0,0.0,0.0875,0.175,0.175,0.175,0.0875,0.0,0.0,0.0,0.0,0.0,0.0,0.0,0.0875,0.175,0.175,0.175,0.0875,0.0,0.0,0.0,0.0,0.0,0.0,0.0,0.0,0.0,0.0,0.0,0.1237436867076458,0.2474873734152916,0.2474873734152916,0.2474873734152916,0.2474873734152916,0.0,0.0,0.0,0.0875,0.175,0.175,0.175,0.0875,0.0,0.0,0.0,0.0875,0.175,0.175,0.175,0.175,0.175,0.175,0.175,0.1885362971081844,0.202072594216369,0.202072594216369,0.202072594216369,0.202072594216369,0.0,0.0,0.202072594216369,0.404145188432738,0.404145188432738,0.404145188432738,0.404145188432738,0.3031088913245535,0.202072594216369,0.202072594216369,0.202072594216369,0.1010362971081845,0.0,0.0,0.0,0.0,0.0,0.0,0.0,0.0,0.202072594216369,0.202072594216369,0.202072594216369,0.1010362971081845,0.0,0.0,0.0,0.0,0.0,0.0,0.0,0.0875
14,0.1010362971081845,0.0,0.0,0.0,0.0,0.0875,0.175,0.175,0.175,0.0875,0.0,0.0,0.0,0.0,0.0,0.0,0.0,0.0875,0.175,0.175,0.175,0.0875,0.0,0.0,0.0,0.0,0.0,0.0,0.0,0.0,0.0,0.0,0.0,0.1237436867076458,0.2474873734152916,0.2474873734152916,0.2474873734152916,0.2474873734152916,0.0,0.0,0.0,0.0875,0.175,0.175,0.175,0.0875,0.0,0.0,0.0,0.0875,0.175,0.175,0.175,0.175,0.175,0.175,0.175,0.1885362971081844,0.202072594216369,0.202072594216369,0.202072594216369,0.202072594216369,0.0,0.0,0.202072594216369,0.404145188432738,0.404145188432738,0.404145188432738,0.404145188432738,0.3031088913245535,0.202072594216369,0.202072594216369,0.202072594216369,0.1010362971081845,0.0,0.0,0.0,0.0,0.0,0.0,0.0,0.0,0.202072594216369,0.202072594216369,0.202072594216369,0.1010362971081845,0.0,0.0,0.0,0.0,0.0,0.0,0.0,0.0875
15,0.1010362971081845,0.0,0.0,0.0,0.0,0.0875,0.175,0.175,0.175,0.0875,0.0,0.0,0.0,0.0,0.0,0.0,0.0,0.0875,0.175,0.175,0.175,0.0875,0.0,0.0,0.0,0.0,0.0,0.0,0.0,0.0,0.0,0.0,0.0,0.1237436867076458,0.2474873734152916,0.2474873734152916,0.2474873734152916,0.2474873734152916,0.0,0.0,0.0,0.0875,0.175,0.175,0.175,0.0875,0.0,0.0,0.0,0.0875,0.175,0.175,0.175,0.175,0.175,0.175,0.175,0.1885362971081844,0.202072594216369,0.202072594216369,0.202072594216369,0.202072594216369,0.0,0.0,0.202072594216369,0.404145188432738,0.404145188432738,0.404145188432738,0.404145188432738,0.3031088913245535,0.202072594216369,0.202072594216369,0.202072594216369,0.1010362971081845,0.0,0.0,0.0,0.0,0.0,0.0,0.0,0.0,0.202072594216369,0.202072594216369,0.202072594216369,0.1010362971081845,0.0,0.0,0.0,0.0,0.0,0.0,0.0,0.0875
16,0.1010362971081845,0.0,0.0,0.0,0.0,0.0875,0.175,0.175,0.175,0.0875,0.0,0.0,0.0,0.0,0.0,0.0,0.0,0.0875,0.175,0.175,0.175,0.0875,0.0,0.0,0.0,0.0,0.0,0.0,0.0,0.0,0.0,0.0,0.0,0.1237436867076458,0.2474873734152916,0.2474873734152916,0.2474873734152916,0.2474873734152916,0.0,0.0,0.0,0.0875,0.175,0.175,0.175,0.0875,0.0,0.0,0.0,0.0875,0.175,0.175,0.175,0.175,0.175,0.175,0.175,0.1885362971081844,0.202072594216369,0.202072594216369,0.202072594216369,0.202072594216369,0.0,0.0,0.202072594216369,0.404145188432738,0.404145188432738,0.404145188432738,0.404145188432738,0.3031088913245535,0.202072594216369,0.202072594216369,0.202072594216369,0.1010362971081845,0.0,0.0,0.0,0.0,0.0,0.0,0.0,0.0,0.202072594216369,0.202072594216369,0.202072594216369,0.1010362971081845,0.0,0.0,0.0,0.0,0.0,0.0,0.0,0.0875
17,0.1010362971081845,0.0,0.0,0.0,0.0,0.0875,0.175,0.175,0.175,0.0875,0.0,0.0,0.0,0.0,0.0,0.0,0.0,0.0875,0.175,0.175,0.175,0.0875,0.0,0.0,0.0,0.0,0.0,0.0,0.0,0.0,0.0,0.0,0.0,0.1237436867076458,0.2474873734152916,0.2474873734152916,0.2474873734152916,0.2474873734152916,0.0,0.0,0.0,0.0875,0.175,0.175,0.175,0.0875,0.0,0.0,0.0,0.0875,0.175,0.175,0.175,0.175,0.175,0.175,0.175,0.2895725942163689,0.404145188432738,0.404145188432738,0.404145188432738,0.404145188432738,0.0,0.0,0.202072594216369,0.404145188432738,0.404145188432738,0.404145188432738,0.404145188432738,0.404145188432738,0.404145188432738,0.404145188432738,0.404145188432738,0.2895725942163689,0.175,0.175,0.175,0.0875,0.0,0.0,0.0,0.0,0.202072594216369,0.202072594216369,0.202072594216369,0.1010362971081845,0.0,0.0,0.0,0.0,0.0,0.0,0.0,0.0875
18,0.0,0.0,0.0,0.0,0.0,0.0,0.0,0.0,0.0,0.1010362971081845,0.202072594216369,0.202072594216369,0.202072594216369,0.1010362971081845,0.0,0.0,0.0,0.35,0.7,0.7,0.7,0.35,0.0,0.0,0.0,0.0,0.0,0.0,0.0,0.0,0.0,0.0,0.0,0.0,0.0,0.0,0.0,0.0,0.0,0.0,0.0,0.0875,0.175,0.175,0.175,0.0875,0.0,0.0,0.0,0.35,0.7,0.7,0.7,0.7,0.7,0.7,0.7,0.5520725942163688,0.404145188432738,0.404145188432738,0.404145188432738,0.404145188432738,0.0,0.0,0.1010362971081845,0.202072594216369,0.202072594216369,0.202072594216369,0.202072594216369,0.3031088913245535,0.404145188432738,0.404145188432738,0.404145188432738,0.4645725942163689,0.5249999999999999,0.5249999999999999,0.5249999999999999,0.26249999999999996,0.0,0.0,0.0,0.0,0.0,0.0,0.0,0.0,0.0,0.0,0.0,0.0,0.0,0.0,0.0,0.175
19,0.0,0.0,0.0,0.0,0.0,0.0,0.0,0.0,0.0,0.0,0.0,0.0,0.0,0.0,0.0,0.0,0.0,0.175,0.35,0.35,0.35,0.175,0.0,0.0,0.0,0.0,0.0,0.0,0.0,0.0,0.0,0.0,0.0,0.0,0.0,0.0,0.0,0.0,0.0,0.0,0.0,0.0,0.0,0.0,0.0,0.0,0.0,0.0,0.0,0.175,0.35,0.35,0.35,0.35,0.35,0.35,0.35,0.2760362971081844,0.202072594216369,0.202072594216369,0.202072594216369,0.202072594216369,0.0,0.0,0.1010362971081845,0.202072594216369,0.202072594216369,0.202072594216369,0.202072594216369,0.202072594216369,0.202072594216369,0.202072594216369,0.202072594216369,0.18853629710818448,0.175,0.175,0.175,0.0875,0.0,0.0,0.0,0.0,0.0,0.0,0.0,0.0,0.0,0.0,0.0,0.0,0.0,0.0,0.0,0.0875
20,0.0,0.0,0.0,0.0,0.0,0.0,0.0,0.0,0.0,0.0,0.0,0.0,0.0,0.0,0.0,0.0,0.0,0.175,0.35,0.35,0.35,0.175,0.0,0.0,0.0,0.0,0.0,0.0,0.0,0.0,0.0,0.0,0.2474873734152916,0.1237436867076458,0.0,0.0,0.0,0.0,0.0,0.0,0.0,0.0875,0.175,0.175,0.175,0.0875,0.0,0.0,0.0,0.175,0.35,0.35,0.35,0.35,0.35,0.35,0.35,0.2760362971081844,0.202072594216369,0.202072594216369,0.202072594216369,0.202072594216369,0.0,0.0,0.1010362971081845,0.202072594216369,0.202072594216369,0.202072594216369,0.202072594216369,0.202072594216369,0.202072594216369,0.202072594216369,0.202072594216369,0.18853629710818448,0.175,0.175,0.175,0.2112436867076458,0.2474873734152916,0.2474873734152916,0.2474873734152916,0.2474873734152916,0.0,0.0,0.0,0.0,0.0,0.0,0.0,0.0,0.0,0.0,0.0,0.175
21,0.0,0.0,0.0,0.0,0.0,0.0,0.0,0.0,0.0,0.1010362971081845,0.202072594216369,0.202072594216369,0.202072594216369,0.1010362971081845,0.0,0.0,0.0,0.35,0.7,0.7,0.7,0.35,0.0,0.0,0.0,0.0,0.0,0.0,0.0,0.0,0.0,0.0,0.0,0.0,0.0,0.0,0.0,0.0,0.0,0.0,0.0,0.0875,0.175,0.175,0.175,0.0875,0.0,0.0,0.0,0.35,0.7,0.7,0.7,0.7,0.7,0.7,0.7,0.5520725942163688,0.404145188432738,0.404145188432738,0.404145188432738,0.404145188432738,0.0,0.0,0.1010362971081845,0.202072594216369,0.202072594216369,0.202072594216369,0.202072594216369,0.3031088913245535,0.404145188432738,0.404145188432738,0.404145188432738,0.4645725942163689,0.5249999999999999,0.5249999999999999,0.5249999999999999,0.26249999999999996,0.0,0.0,0.0,0.0,0.0,0.0,0.0,0.0,0.0,0.0,0.0,0.0,0.0,0.0,0.0,0.175
22,0.1010362971081845,0.0,0.0,0.0,0.0,0.0875,0.175,0.175,0.175,0.0875,0.0,0.0,0.0,0.0,0.0,0.0,0.0,0.0875,0.175,0.175,0.175,0.0875,0.0,0.0,0.0,0.0,0.0,0.0,0.0,0.0,0.0,0.0,0.0,0.1237436867076458,0.2474873734152916,0.2474873734152916,0.2474873734152916,0.2474873734152916,0.0,0.0,0.0,0.0875,0.175,0.175,0.175,0.0875,0.0,0.0,0.0,0.0875,0.175,0.175,0.175,0.175,0.175,0.175,0.175,0.2895725942163689,0.404145188432738,0.404145188432738,0.404145188432738,0.404145188432738,0.0,0.0,0.202072594216369,0.404145188432738,0.404145188432738,0.404145188432738,0.404145188432738,0.404145188432738,0.404145188432738,0.404145188432738,0.404145188432738,0.2895725942163689,0.175,0.175,0.175,0.0875,0.0,0.0,0.0,0.0,0.202072594216369,0.202072594216369,0.202072594216369,0.1010362971081845,0.0,0.0,0.0,0.0,0.0,0.0,0.0,0.0875
23,0.0,0.0,0.0,0.0,0.0,0.0,0.0,0.0,0.0,0.0,0.0,0.0,0.0,0.0,0.0,0.0,0.0,0.0875,0.175,0.175,0.175,0.0875,0.0,0.0,0.0,0.0,0.0,0.0,0.0,0.0,0.0,0.0,0.2474873734152916,0.1237436867076458,0.0,0.0,0.0,0.0,0.0,0.0,0.0,0.0875,0.175,0.175,0.175,0.0875,0.0,0.0,0.0,0.0875,0.175,0.175,0.175,0.175,0.175,0.175,0.175,0.1885362971081844,0.202072594216369,0.202072594216369,0.202072594216369,0.202072594216369,0.0,0.0,0.1010362971081845,0.202072594216369,0.202072594216369,0.202072594216369,0.202072594216369,0.202072594216369,0.202072594216369,0.202072594216369,0.202072594216369,0.1010362971081845,0.0,0.0,0.0,0.1237436867076458,0.2474873734152916,0.2474873734152916,0.2474873734152916,0.2474873734152916,0.0,0.0,0.0,0.0,0.0,0.0,0.0,0.0,0.0,0.0,0.0,0.175
24,0.1010362971081845,0.0,0.0,0.0,0.0,0.0875,0.175,0.175,0.175,0.0875,0.0,0.0,0.0,0.0,0.0,0.0,0.0,0.0875,0.175,0.175,0.175,0.0875,0.0,0.0,0.0,0.0,0.0,0.0,0.0,0.0,0.0,0.0,0.0,0.1237436867076458,0.2474873734152916,0.2474873734152916,0.2474873734152916,0.2474873734152916,0.0,0.0,0.0,0.0875,0.175,0.175,0.175,0.0875,0.0,0.0,0.0,0.0875,0.175,0.175,0.175,0.175,0.175,0.175,0.175,0.1885362971081844,0.202072594216369,0.202072594216369,0.202072594216369,0.202072594216369,0.0,0.0,0.202072594216369,0.404145188432738,0.404145188432738,0.404145188432738,0.404145188432738,0.3031088913245535,0.202072594216369,0.202072594216369,0.202072594216369,0.1010362971081845,0.0,0.0,0.0,0.0,0.0,0.0,0.0,0.0,0.202072594216369,0.202072594216369,0.202072594216369,0.1010362971081845,0.0,0.0,0.0,0.0,0.0,0.0,0.0,0.0875
25,0.0,0.0,0.0,0.0,0.0,0.0,0.0,0.0,0.0,0.1010362971081845,0.202072594216369,0.202072594216369,0.202072594216369,0.1010362971081845,0.0,0.0,0.0,0.35,0.7,0.7,0.7,0.35,0.0,0.0,0.0,0.0,0.0,0.0,0.0,0.0,0.0,0.0,0.0,0.0,0.0,0.0,0.0,0.0,0.0,0.0,0.0,0.0875,0.175,0.175,0.175,0.0875,0.0,0.0,0.0,0.35,0.7,0.7,0.7,0.7,0.7,0.7,0.7,0.5520725942163688,0.404145188432738,0.404145188432738,0.404145188432738,0.404145188432738,0.0,0.0,0.1010362971081845,0.202072594216369,0.202072594216369,0.202072594216369,0.202072594216369,0.3031088913245535,0.404145188432738,0.404145188432738,0.404145188432738,0.4645725942163689,0.5249999999999999,0.5249999999999999,0.5249999999999999,0.26249999999999996,0.0,0.0,0.0,0.0,0.0,0.0,0.0,0.0,0.0,0.0,0.0,0.0,0.0,0.0,0.0,0.0875
26,0.1010362971081845,0.0,0.0,0.0,0.0,0.0875,0.175,0.175,0.175,0.18853629710818448,0.202072594216369,0.202072594216369,0.202072594216369,0.2247799838158302,0.2474873734152916,0.2474873734152916,0.2474873734152916,0.1237436867076458,0.0,0.0,0.0,0.0,0.0,0.0,0.0,0.0,0.0,0.0,0.0,0.0,0.1237436867076458,0.2474873734152916,0.0,0.1237436867076458,0.2474873734152916,0.2474873734152916,0.2474873734152916,0.2474873734152916,0.2474873734152916,0.2474873734152916,0.2474873734152916,0.2112436867076458,0.175,0.175,0.175,0.26249999999999996,0.35,0.35,0.35,0.175,0.0,0.0,0.0,0.0,0.0,0.0,0.0,0.1010362971081845,0.202072594216369,0.202072594216369,0.202072594216369,0.202072594216369,0.202072594216369,0.202072594216369,0.202072594216369,0.202072594216369,0.202072594216369,0.202072594216369,0.202072594216369,0.202072594216369,0.202072594216369,0.202072594216369,0.202072594216369,0.1885362971081844,0.175,0.175,0.175,0.2112436867076458,0.2474873734152916,0.2474873734152916,0.2474873734152916,0.2474873734152916,0.202072594216369,0.202072594216369,0.202072594216369,0.2247799838158303,0.2474873734152916,0.2474873734152916,0.2474873734152916,0.1237436867076458,0.0,0.0,0.0,0.0875
27,0.0,0.0,0.0,0.0,0.0,0.0,0.0,0.0,0.0,0.1010362971081845,0.202072594216369,0.202072594216369,0.202072594216369,0.1010362971081845,0.0,0.0,0.0,0.35,0.7,0.7,0.7,0.35,0.0,0.0,0.0,0.0,0.0,0.0,0.0,0.0,0.0,0.0,0.0,0.0,0.0,0.0,0.0,0.0,0.0,0.0,0.0,0.0875,0.175,0.175,0.175,0.0875,0.0,0.0,0.0,0.35,0.7,0.7,0.7,0.7,0.7,0.7,0.7,0.5520725942163688,0.404145188432738,0.404145188432738,0.404145188432738,0.404145188432738,0.0,0.0,0.1010362971081845,0.202072594216369,0.202072594216369,0.202072594216369,0.202072594216369,0.3031088913245535,0.404145188432738,0.404145188432738,0.404145188432738,0.4645725942163689,0.5249999999999999,0.5249999999999999,0.5249999999999999,0.26249999999999996,0.0,0.0,0.0,0.0,0.0,0.0,0.0,0.0,0.0,0.0,0.0,0.0,0.0,0.0,0.0,0.175
28,0.1010362971081845,0.0,0.0,0.0,0.0,0.0875,0.175,0.175,0.175,0.18853629710818448,0.202072594216369,0.202072594216369,0.202072594216369,0.1010362971081845,0.0,0.0,0.0,0.175,0.35,0.35,0.35,0.175,0.0,0.0,0.0,0.0,0.0,0.0,0.0,0.0,0.0,0.0,0.0,0.1237436867076458,0.2474873734152916,0.2474873734152916,0.2474873734152916,0.2474873734152916,0.0,0.0,0.0,0.175,0.35,0.35,0.35,0.175,0.0,0.0,0.0,0.175,0.35,0.35,0.35,0.35,0.35,0.35,0.35,0.3770725942163688,0.404145188432738,0.404145188432738,0.404145188432738,0.404145188432738,0.0,0.0,0.202072594216369,0.404145188432738,0.404145188432738,0.404145188432738,0.404145188432738,0.404145188432738,0.404145188432738,0.404145188432738,0.404145188432738,0.2895725942163689,0.175,0.175,0.175,0.0875,0.0,0.0,0.0,0.0,0.202072594216369,0.202072594216369,0.202072594216369,0.1010362971081845,0.0,0.0,0.0,0.0,0.0,0.0,0.0,0.0875
29,0.1010362971081845,0.0,0.0,0.0,0.0,0.0875,0.175,0.175,0.175,0.18853629710818448,0.202072594216369,0.202072594216369,0.202072594216369,0.1010362971081845,0.0,0.0,0.0,0.0875,0.175,0.175,0.175,0.0875,0.0,0.0,0.0,0.0,0.0,0.0,0.0,0.0,0.0,0.0,0.0,0.1237436867076458,0.2474873734152916,0.2474873734152916,0.2474873734152916,0.2474873734152916,0.0,0.0,0.0,0.175,0.35,0.35,0.35,0.175,0.0,0.0,0.0,0.0875,0.175,0.175,0.175,0.175,0.175,0.175,0.175,0.1885362971081844,0.202072594216369,0.202072594216369,0.202072594216369,0.202072594216369,0.0,0.0,0.1010362971081845,0.202072594216369,0.202072594216369,0.202072594216369,0.202072594216369,0.202072594216369,0.202072594216369,0.202072594216369,0.202072594216369,0.1885362971081844,0.175,0.175,0.175,0.0875,0.0,0.0,0.0,0.0,0.202072594216369,0.202072594216369,0.202072594216369,0.1010362971081845,0.0,0.0,0.0,0.0,0.0,0.0,0.0,0.175
30,0.1010362971081845,0.0,0.0,0.0,0.0,0.0875,0.175,0.175,0.175,0.0875,0.0,0.0,0.0,0.0,0.0,0.0,0.0,0.0875,0.175,0.175,0.175,0.0875,0.0,0.0,0.0,0.0,0.0,0.0,0.0,0.0,0.0,0.0,0.0,0.1237436867076458,0.2474873734152916,0.2474873734152916,0.2474873734152916,0.2474873734152916,0.0,0.0,0.0,0.0875,0.175,0.175,0.175,0.0875,0.0,0.0,0.0,0.0875,0.175,0.175,0.175,0.175,0.175,0.175,0.175,0.2895725942163689,0.404145188432738,0.404145188432738,0.404145188432738,0.404145188432738,0.0,0.0,0.202072594216369,0.404145188432738,0.404145188432738,0.404145188432738,0.404145188432738,0.404145188432738,0.404145188432738,0.404145188432738,0.404145188432738,0.2895725942163689,0.175,0.175,0.175,0.0875,0.0,0.0,0.0,0.0,0.202072594216369,0.202072594216369,0.202072594216369,0.1010362971081845,0.0,0.0,0.0,0.0,0.0,0.0,0.0,0.0875
31,0.1010362971081845,0.0,0.0,0.0,0.0,0.0875,0.175,0.175,0.175,0.0875,0.0,0.0,0.0,0.0,0.0,0.0,0.0,0.0875,0.175,0.175,0.175,0.0875,0.0,0.0,0.0,0.0,0.0,0.0,0.0,0.0,0.0,0.0,0.0,0.1237436867076458,0.2474873734152916,0.2474873734152916,0.2474873734152916,0.2474873734152916,0.0,0.0,0.0,0.0875,0.175,0.175,0.175,0.0875,0.0,0.0,0.0,0.0875,0.175,0.175,0.175,0.175,0.175,0.175,0.175,0.2895725942163689,0.404145188432738,0.404145188432738,0.404145188432738,0.404145188432738,0.0,0.0,0.202072594216369,0.404145188432738,0.404145188432738,0.404145188432738,0.404145188432738,0.404145188432738,0.404145188432738,0.404145188432738,0.404145188432738,0.2895725942163689,0.175,0.175,0.175,0.0875,0.0,0.0,0.0,0.0,0.202072594216369,0.202072594216369,0.202072594216369,0.1010362971081845,0.0,0.0,0.0,0.0,0.0,0.0,0.0,0.0875
32,0.0,0.0,0.0,0.0,0.0,0.0,0.0,0.0,0.0,0.1010362971081845,0.202072594216369,0.202072594216369,0.202072594216369,0.1010362971081845,0.0,0.0,0.0,0.175,0.35,0.35,0.35,0.175,0.0,0.0,0.0,0.0,0.0,0.0,0.0,0.0,0.0,0.0,0.0,0.0,0.0,0.0,0.0,0.0,0.0,0.0,0.0,0.0875,0.175,0.175,0.175,0.0875,0.0,0.0,0.0,0.175,0.35,0.35,0.35,0.35,0.35,0.35,0.35,0.3770725942163688,0.404145188432738,0.404145188432738,0.404145188432738,0.404145188432738,0.0,0.0,0.1010362971081845,0.202072594216369,0.202072594216369,0.202072594216369,0.202072594216369,0.3031088913245535,0.404145188432738,0.404145188432738,0.404145188432738,0.2895725942163689,0.175,0.175,0.175,0.0875,0.0,0.0,0.0,0.0,0.0,0.0,0.0,0.0,0.0,0.0,0.0,0.0,0.0,0.0,0.0,0.175
33,0.1010362971081845,0.0,0.0,0.0,0.0,0.0875,0.175,0.175,0.175,0.0875,0.0,0.0,0.0,0.0,0.0,0.0,0.0,0.0875,0.175,0.175,0.175,0.0875,0.0,0.0,0.0,0.0,0.0,0.0,0.0,0.0,0.0,0.0,0.0,0.1237436867076458,0.2474873734152916,0.2474873734152916,0.2474873734152916,0.2474873734152916,0.0,0.0,0.0,0.0875,0.175,0.175,0.175,0.0875,0.0,0.0,0.0,0.0875,0.175,0.175,0.175,0.175,0.175,0.175,0.175,0.2895725942163689,0.404145188432738,0.404145188432738,0.404145188432738,0.404145188432738,0.0,0.0,0.202072594216369,0.404145188432738,0.404145188432738,0.404145188432738,0.404145188432738,0.404145188432738,0.404145188432738,0.404145188432738,0.404145188432738,0.2895725942163689,0.175,0.175,0.175,0.0875,0.0,0.0,0.0,0.0,0.202072594216369,0.202072594216369,0.202072594216369,0.1010362971081845,0.0,0.0,0.0,0.0,0.0,0.0,0.0,0.0875
34,0.1010362971081845,0.0,0.0,0.0,0.0,0.26249999999999996,0.5249999999999999,0.5249999999999999,0.5249999999999999,0.36353629710818436,0.202072594216369,0.202072594216369,0.202072594216369,0.2247799838158302,0.2474873734152916,0.2474873734152916,0.2474873734152916,0.1237436867076458,0.0,0.0,0.0,0.1237436867076458,0.2474873734152916,0.2474873734152916,0.2474873734152916,0.2247799838158303,0.202072594216369,0.202072594216369,0.202072594216369,0.202072594216369,0.2247799838158303,0.2474873734152916,0.0,0.1237436867076458,0.2474873734152916,0.2474873734152916,0.2474873734152916,0.2474873734152916,0.2474873734152916,0.2474873734152916,0.2474873734152916,0.2987436867076458,0.35,0.35,0.35,0.175,0.0,0.0,0.0,0.0,0.0,0.0,0.0,0.0,0.0,0.0,0.0,0.0,0.0,0.0,0.0,0.0,0.202072594216369,0.202072594216369,0.3031088913245535,0.404145188432738,0.404145188432738,0.404145188432738,0.404145188432738,0.202072594216369,0.0,0.0,0.0,0.0,0.0,0.0,0.0,0.0,0.0,0.0,0.0,0.0,0.606217782649107,0.606217782649107,0.606217782649107,0.4268525780321992,0.2474873734152916,0.2474873734152916,0.2474873734152916,0.2247799838158302,0.202072594216369,0.202072594216369,0.202072594216369,0.1010362971081845
35,0.0,0.0,0.0,0.0,0.0,0.0,0.0,0.0,0.0,0.1010362971081845,0.202072594216369,0.202072594216369,0.202072594216369,0.1010362971081845,0.0,0.0,0.0,0.26249999999999996,0.5249999999999999,0.5249999999999999,0.5249999999999999,0.26249999999999996,0.0,0.0,0.0,0.0,0.0,0.0,0.0,0.0,0.0,0.0,0.0,0.0,0.0,0.0,0.0,0.0,0.0,0.0,0.0,0.0875,0.175,0.175,0.175,0.0875,0.0,0.0,0.0,0.26249999999999996,0.5249999999999999,0.5249999999999999,0.5249999999999999,0.5249999999999999,0.5249999999999999,0.5249999999999999,0.5249999999999999,0.36353629710818436,0.202072594216369,0.202072594216369,0.202072594216369,0.202072594216369,0.0,0.0,0.0,0.0,0.0,0.0,0.0,0.1010362971081845,0.202072594216369,0.202072594216369,0.202072594216369,0.36353629710818436,0.5249999999999999,0.5249999999999999,0.5249999999999999,0.26249999999999996,0.0,0.0,0.0,0.0,0.0,0.0,0.0,0.0,0.0,0.0,0.0,0.0,0.0,0.0,0.0,0.0875
36,0.1010362971081845,0.0,0.0,0.0,0.0,0.0875,0.175,0.175,0.175,0.0875,0.0,0.0,0.0,0.0,0.0,0.0,0.0,0.0875,0.175,0.175,0.175,0.0875,0.0,0.0,0.0,0.0,0.0,0.0,0.0,0.0,0.0,0.0,0.0,0.1237436867076458,0.2474873734152916,0.2474873734152916,0.2474873734152916,0.2474873734152916,0.0,0.0,0.0,0.0875,0.175,0.175,0.175,0.0875,0.0,0.0,0.0,0.0875,0.175,0.175,0.175,0.175,0.175,0.175,0.175,0.2895725942163689,0.404145188432738,0.404145188432738,0.404145188432738,0.404145188432738,0.0,0.0,0.202072594216369,0.404145188432738,0.404145188432738,0.404145188432738,0.404145188432738,0.404145188432738,0.404145188432738,0.404145188432738,0.404145188432738,0.2895725942163689,0.175,0.175,0.175,0.0875,0.0,0.0,0.0,0.0,0.202072594216369,0.202072594216369,0.202072594216369,0.1010362971081845,0.0,0.0,0.0,0.0,0.0,0.0,0.0,0.0875
37,0.0,0.0,0.0,0.0,0.0,0.0,0.0,0.0,0.0,0.0,0.0,0.0,0.0,0.0,0.0,0.0,0.0,0.175,0.35,0.35,0.35,0.175,0.0,0.0,0.0,0.0,0.0,0.0,0.0,0.0,0.0,0.0,0.2474873734152916,0.1237436867076458,0.0,0.0,0.0,0.0,0.0,0.0,0.0,0.0875,0.175,0.175,0.175,0.0875,0.0,0.0,0.0,0.175,0.35,0.35,0.35,0.35,0.35,0.35,0.35,0.2760362971081844,0.202072594216369,0.202072594216369,0.202072594216369,0.202072594216369,0.0,0.0,0.1010362971081845,0.202072594216369,0.202072594216369,0.202072594216369,0.202072594216369,0.202072594216369,0.202072594216369,0.202072594216369,0.202072594216369,0.18853629710818448,0.175,0.175,0.175,0.2112436867076458,0.2474873734152916,0.2474873734152916,0.2474873734152916,0.2474873734152916,0.0,0.0,0.0,0.0,0.0,0.0,0.0,0.0,0.0,0.0,0.0,0.175
38,0.1010362971081845,0.0,0.0,0.0,0.0,0.0875,0.175,0.175,0.175,0.0875,0.0,0.0,0.0,0.0,0.0,0.0,0.0,0.0875,0.175,0.175,0.175,0.0875,0.0,0.0,0.0,0.0,0.0,0.0,0.0,0.0,0.0,0.0,0.0,0.1237436867076458,0.2474873734152916,0.2474873734152916,0.2474873734152916,0.2474873734152916,0.0,0.0,0.0,0.0875,0.175,0.175,0.175,0.0875,0.0,0.0,0.0,0.0875,0.175,0.175,0.175,0.175,0.175,0.175,0.175,0.1885362971081844,0.202072594216369,0.202072594216369,0.202072594216369,0.202072594216369,0.0,0.0,0.202072594216369,0.404145188432738,0.404145188432738,0.404145188432738,0.404145188432738,0.3031088913245535,0.202072594216369,0.202072594216369,0.202072594216369,0.1010362971081845,0.0,0.0,0.0,0.0,0.0,0.0,0.0,0.0,0.202072594216369,0.202072594216369,0.202072594216369,0.1010362971081845,0.0,0.0,0.0,0.0,0.0,0.0,0.0,0.0
