,0,1,2,3,4,5,6,7,8,9,10,11,12,13,14,15,16,17,18,19,20,21,22,23,24,25,26,27,28,29,30,31,32,33,34,35,36,37,38,39,40,41,42,43,44,45,46,47,48,49,50,51,52,53,54,55,56,57,58,59,60,61,62,63,64,65,66,67,68,69,70,71,72,73,74,75,76,77,78,79,80,81,82,83,84,85,86,87,88,89,90,91,92,93,94,95,96
0,0.0,0.202072594216369,0.404145188432738,0.404145188432738,0.404145188432738,0.404145188432738,0.3031088913245535,0.202072594216369,0.202072594216369,0.202072594216369,0.1010362971081845,0.0,0.0,0.0,0.0,0.2474873734152916,0.4949747468305832,0.4949747468305832,0.4949747468305832,0.4949747468305832,0.2474873734152916,0.0,0.0,0.0,0.0,0.0,0.0,0.0,0.0,0.1237436867076458,0.2474873734152916,0.2474873734152916,0.2474873734152916,0.1237436867076458,0.0,0.0,0.0,0.0,0.0,0.1010362971081845,0.202072594216369,0.202072594216369,0.202072594216369,0.1010362971081845,0.0,0.0,0.0,0.202072594216369,0.404145188432738,0.404145188432738,0.404145188432738,0.404145188432738,0.404145188432738,0.202072594216369,0.202072594216369,0.202072594216369,0.1010362971081845,0.0,0.0,0.0,0.0875,0.175,0.175,0.0875,0.0,0.0,0.0,0.0875,0.175,0.175,0.175,0.0875,0.0,0.0,0.0,0.1010362971081845,0.202072594216369,0.202072594216369,0.202072594216369,0.1010362971081845,0.0,0.0,0.0,0.0,0.0,0.0,0.0,0.0,0.1010362971081845,0.202072594216369,0.202072594216369,0.202072594216369,0.202072594216369,0.1010362971081845,0.0,0.0,0.0
1,0.0,0.202072594216369,0.404145188432738,0.404145188432738,0.404145188432738,0.404145188432738,0.3031088913245535,0.202072594216369,0.202072594216369,0.202072594216369,0.1010362971081845,0.0,0.0,0.0,0.0,0.2474873734152916,0.4949747468305832,0.4949747468305832,0.4949747468305832,0.4949747468305832,0.2474873734152916,0.0,0.0,0.0,0.0,0.0,0.0,0.0,0.0,0.1237436867076458,0.2474873734152916,0.2474873734152916,0.2474873734152916,0.1237436867076458,0.0,0.0,0.0,0.0,0.0,0.1010362971081845,0.202072594216369,0.202072594216369,0.202072594216369,0.1010362971081845,0.0,0.0,0.0,0.202072594216369,0.404145188432738,0.404145188432738,0.404145188432738,0.404145188432738,0.404145188432738,0.202072594216369,0.202072594216369,0.202072594216369,0.1010362971081845,0.0,0.0,0.0,0.0875,0.175,0.175,0.0875,0.0,0.0,0.0,0.0875,0.175,0.175,0.175,0.0875,0.0,0.0,0.0,0.1010362971081845,0.202072594216369,0.202072594216369,0.202072594216369,0.1010362971081845,0.0,0.0,0.0,0.0,0.0,0.0,0.0,0.0,0.1010362971081845,0.202072594216369,0.202072594216369,0.202072594216369,0.202072594216369,0.1010362971081845,0.0,0.0,0.0
2,0.0,0.3031088913245535,0.606217782649107,0.606217782649107,0.606217782649107,0.606217782649107,0.3031088913245535,0.0,0.0,0.0,0.0,0.0,0.0,0.0,0.0,0.2474873734152916,0.4949747468305832,0.4949747468305832,0.4949747468305832,0.4949747468305832,0.2474873734152916,0.0,0.0,0.0,0.0,0.0,0.0,0.0,0.0,0.1237436867076458,0.2474873734152916,0.2474873734152916,0.2474873734152916,0.1237436867076458,0.0,0.0,0.0,0.0,0.0,0.1010362971081845,0.202072594216369,0.202072594216369,0.202072594216369,0.1010362971081845,0.0,0.0,0.0,0.3031088913245535,0.606217782649107,0.606217782649107,0.606217782649107,0.606217782649107,0.606217782649107,0.0,0.0,0.0,0.0,0.0,0.0,0.0,0.0875,0.175,0.175,0.0875,0.0,0.0,0.0,0.0875,0.175,0.175,0.175,0.0875,0.0,0.0,0.0,0.1010362971081845,0.202072594216369,0.202072594216369,0.202072594216369,0.1010362971081845,0.0,0.0,0.0,0.0,0.0,0.0,0.0,0.0,0.1010362971081845,0.202072594216369,0.202072594216369,0.202072594216369,0.202072594216369,0.1010362971081845,0.0,0.0,0.0
3,0.0,0.202072594216369,0.404145188432738,0.404145188432738,0.404145188432738,0.404145188432738,0.404145188432738,0.404145188432738,0.404145188432738,0.404145188432738,0.3258162809240147,0.2474873734152916,0.2474873734152916,0.2474873734152916,0.2474873734152916,0.3712310601229374,0.4949747468305832,0.4949747468305832,0.4949747468305832,0.4949747468305832,0.3485236705234761,0.202072594216369,0.202072594216369,0.202072594216369,0.202072594216369,0.2247799838158302,0.2474873734152916,0.2474873734152916,0.2474873734152916,0.2474873734152916,0.2474873734152916,0.2474873734152916,0.2474873734152916,0.2112436867076458,0.175,0.0875,0.0,0.0,0.0,0.1010362971081845,0.202072594216369,0.202072594216369,0.202072594216369,0.1010362971081845,0.0,0.0,0.0,0.202072594216369,0.404145188432738,0.404145188432738,0.404145188432738,0.404145188432738,0.404145188432738,0.202072594216369,0.202072594216369,0.202072594216369,0.2247799838158303,0.2474873734152916,0.2474873734152916,0.2474873734152916,0.2112436867076458,0.175,0.175,0.26249999999999996,0.35,0.2474873734152916,0.2474873734152916,0.2987436867076458,0.35,0.35,0.35,0.34999999999999987,0.35,0.35,0.35,0.2760362971081845,0.202072594216369,0.202072594216369,0.202072594216369,0.2760362971081845,0.35,0.35,0.35,0.35,0.175,0.0,0.0,0.0,0.1010362971081845,0.202072594216369,0.202072594216369,0.202072594216369,0.202072594216369,0.202072594216369,0.202072594216369,0.202072594216369,0.202072594216369
4,0.0,0.202072594216369,0.404145188432738,0.404145188432738,0.404145188432738,0.404145188432738,0.3031088913245535,0.202072594216369,0.202072594216369,0.202072594216369,0.1010362971081845,0.0,0.0,0.0,0.0,0.2474873734152916,0.4949747468305832,0.4949747468305832,0.4949747468305832,0.4949747468305832,0.2474873734152916,0.0,0.0,0.0,0.0,0.0,0.0,0.0,0.0,0.1237436867076458,0.2474873734152916,0.2474873734152916,0.2474873734152916,0.1237436867076458,0.0,0.0,0.0,0.0,0.0,0.1010362971081845,0.202072594216369,0.202072594216369,0.202072594216369,0.1010362971081845,0.0,0.0,0.0,0.202072594216369,0.404145188432738,0.404145188432738,0.404145188432738,0.404145188432738,0.404145188432738,0.202072594216369,0.202072594216369,0.202072594216369,0.1010362971081845,0.0,0.0,0.0,0.0875,0.175,0.175,0.0875,0.0,0.0,0.0,0.0875,0.175,0.175,0.175,0.0875,0.0,0.0,0.0,0.1010362971081845,0.202072594216369,0.202072594216369,0.202072594216369,0.1010362971081845,0.0,0.0,0.0,0.0,0.0,0.0,0.0,0.0,0.1010362971081845,0.202072594216369,0.202072594216369,0.202072594216369,0.202072594216369,0.1010362971081845,0.0,0.0,0.0
5,0.0,0.202072594216369,0.404145188432738,0.404145188432738,0.404145188432738,0.404145188432738,0.3031088913245535,0.202072594216369,0.202072594216369,0.202072594216369,0.1010362971081845,0.0,0.0,0.0,0.0,0.2474873734152916,0.4949747468305832,0.4949747468305832,0.4949747468305832,0.4949747468305832,0.2474873734152916,0.0,0.0,0.0,0.0,0.0,0.0,0.0,0.0,0.1237436867076458,0.2474873734152916,0.2474873734152916,0.2474873734152916,0.1237436867076458,0.0,0.0,0.0,0.0,0.0,0.1010362971081845,0.202072594216369,0.202072594216369,0.202072594216369,0.1010362971081845,0.0,0.0,0.0,0.202072594216369,0.404145188432738,0.404145188432738,0.404145188432738,0.404145188432738,0.404145188432738,0.202072594216369,0.202072594216369,0.202072594216369,0.1010362971081845,0.0,0.0,0.0,0.0875,0.175,0.175,0.0875,0.0,0.0,0.0,0.0875,0.175,0.175,0.175,0.0875,0.0,0.0,0.0,0.1010362971081845,0.202072594216369,0.202072594216369,0.202072594216369,0.1010362971081845,0.0,0.0,0.0,0.0,0.0,0.0,0.0,0.0,0.1010362971081845,0.202072594216369,0.202072594216369,0.202072594216369,0.202072594216369,0.1010362971081845,0.0,0.0,0.0
6,0.0,0.3031088913245535,0.606217782649107,0.606217782649107,0.606217782649107,0.606217782649107,0.3031088913245535,0.0,0.0,0.0,0.0,0.0,0.0,0.0,0.0,0.2474873734152916,0.4949747468305832,0.4949747468305832,0.4949747468305832,0.4949747468305832,0.2474873734152916,0.0,0.0,0.0,0.0,0.0,0.0,0.0,0.0,0.1237436867076458,0.2474873734152916,0.2474873734152916,0.2474873734152916,0.1237436867076458,0.0,0.0,0.0,0.0,0.0,0.1010362971081845,0.202072594216369,0.202072594216369,0.202072594216369,0.1010362971081845,0.0,0.0,0.0,0.3031088913245535,0.606217782649107,0.606217782649107,0.606217782649107,0.606217782649107,0.606217782649107,0.0,0.0,0.0,0.0,0.0,0.0,0.0,0.0875,0.175,0.175,0.0875,0.0,0.0,0.0,0.0875,0.175,0.175,0.175,0.0875,0.0,0.0,0.0,0.1010362971081845,0.202072594216369,0.202072594216369,0.202072594216369,0.1010362971081845,0.0,0.0,0.0,0.0,0.0,0.0,0.0,0.0,0.1010362971081845,0.202072594216369,0.202072594216369,0.202072594216369,0.202072594216369,0.1010362971081845,0.0,0.0,0.0
7,0.0,0.3031088913245535,0.606217782649107,0.606217782649107,0.606217782649107,0.606217782649107,0.3031088913245535,0.0,0.0,0.0,0.0,0.0,0.0,0.0,0.0,0.2474873734152916,0.4949747468305832,0.4949747468305832,0.4949747468305832,0.4949747468305832,0.2474873734152916,0.0,0.0,0.0,0.0,0.0,0.0,0.0,0.0,0.1237436867076458,0.2474873734152916,0.2474873734152916,0.2474873734152916,0.1237436867076458,0.0,0.0,0.0,0.0,0.0,0.1010362971081845,0.202072594216369,0.202072594216369,0.202072594216369,0.1010362971081845,0.0,0.0,0.0,0.3031088913245535,0.606217782649107,0.606217782649107,0.606217782649107,0.606217782649107,0.606217782649107,0.0,0.0,0.0,0.0,0.0,0.0,0.0,0.0875,0.175,0.175,0.0875,0.0,0.0,0.0,0.0875,0.175,0.175,0.175,0.0875,0.0,0.0,0.0,0.1010362971081845,0.202072594216369,0.202072594216369,0.202072594216369,0.1010362971081845,0.0,0.0,0.0,0.0,0.0,0.0,0.0,0.0,0.1010362971081845,0.202072594216369,0.202072594216369,0.202072594216369,0.202072594216369,0.1010362971081845,0.0,0.0,0.0
8,0.0,0.3031088913245535,0.606217782649107,0.606217782649107,0.606217782649107,0.606217782649107,0.3031088913245535,0.0,0.0,0.0,0.0,0.0,0.0,0.0,0.0,0.2474873734152916,0.4949747468305832,0.4949747468305832,0.4949747468305832,0.4949747468305832,0.2474873734152916,0.0,0.0,0.0,0.0,0.0,0.0,0.0,0.0,0.1237436867076458,0.2474873734152916,0.2474873734152916,0.2474873734152916,0.1237436867076458,0.0,0.0,0.0,0.0,0.0,0.1010362971081845,0.202072594216369,0.202072594216369,0.202072594216369,0.1010362971081845,0.0,0.0,0.0,0.3031088913245535,0.606217782649107,0.606217782649107,0.606217782649107,0.606217782649107,0.606217782649107,0.0,0.0,0.0,0.0,0.0,0.0,0.0,0.0875,0.175,0.175,0.0875,0.0,0.0,0.0,0.0875,0.175,0.175,0.175,0.0875,0.0,0.0,0.0,0.1010362971081845,0.202072594216369,0.202072594216369,0.202072594216369,0.1010362971081845,0.0,0.0,0.0,0.0,0.0,0.0,0.0,0.0,0.1010362971081845,0.202072594216369,0.202072594216369,0.202072594216369,0.202072594216369,0.1010362971081845,0.0,0.0,0.0
9,0.2474873734152916,0.3258162809240148,0.404145188432738,0.404145188432738,0.404145188432738,0.404145188432738,0.3031088913245535,0.202072594216369,0.202072594216369,0.202072594216369,0.1010362971081845,0.0,0.0,0.0,0.0,0.2474873734152916,0.4949747468305832,0.4949747468305832,0.4949747468305832,0.4949747468305832,0.2474873734152916,0.0,0.0,0.0,0.0,0.1237436867076458,0.2474873734152916,0.2474873734152916,0.2474873734152916,0.2474873734152916,0.2474873734152916,0.2474873734152916,0.2474873734152916,0.1237436867076458,0.0,0.1237436867076458,0.2474873734152916,0.2474873734152916,0.2474873734152916,0.3258162809240147,0.404145188432738,0.404145188432738,0.404145188432738,0.3258162809240147,0.2474873734152916,0.2474873734152916,0.2474873734152916,0.3258162809240148,0.404145188432738,0.404145188432738,0.404145188432738,0.404145188432738,0.404145188432738,0.0,0.0,0.0,0.1237436867076458,0.2474873734152916,0.2474873734152916,0.2474873734152916,0.2987436867076458,0.35,0.35,0.175,0.0,0.0,0.0,0.0875,0.175,0.175,0.175,0.0875,0.0,0.0,0.0,0.1010362971081845,0.202072594216369,0.202072594216369,0.202072594216369,0.1010362971081845,0.0,0.0,0.0,0.0,0.0875,0.175,0.175,0.175,0.2895725942163689,0.404145188432738,0.404145188432738,0.404145188432738,0.404145188432738,0.202072594216369,0.0,0.0,0.0
10,0.0,0.202072594216369,0.404145188432738,0.404145188432738,0.404145188432738,0.404145188432738,0.202072594216369,0.0,0.0,0.0,0.0,0.0,0.0,0.0,0.0,0.1237436867076458,0.2474873734152916,0.2474873734152916,0.2474873734152916,0.2474873734152916,0.1237436867076458,0.0,0.0,0.0,0.0,0.0,0.0,0.0,0.0,0.0,0.0,0.0,0.0,0.0,0.0,0.0,0.0,0.0,0.0,0.0,0.0,0.0,0.0,0.0,0.0,0.0,0.0,0.202072594216369,0.404145188432738,0.404145188432738,0.404145188432738,0.404145188432738,0.404145188432738,0.0,0.0,0.0,0.0,0.0,0.0,0.0,0.26249999999999996,0.5249999999999999,0.5249999999999999,0.26249999999999996,0.0,0.0,0.0,0.0,0.0,0.0,0.0,0.0,0.0,0.0,0.0,0.0,0.0,0.0,0.0,0.0,0.0,0.0,0.0,0.0,0.0,0.0,0.0,0.0,0.0,0.0,0.0,0.0,0.0,0.0,0.0,0.0,0.0
11,0.0,0.3031088913245535,0.606217782649107,0.606217782649107,0.606217782649107,0.606217782649107,0.3031088913245535,0.0,0.0,0.0,0.0,0.0,0.0,0.0,0.0,0.2474873734152916,0.4949747468305832,0.4949747468305832,0.4949747468305832,0.4949747468305832,0.2474873734152916,0.0,0.0,0.0,0.0,0.0,0.0,0.0,0.0,0.1237436867076458,0.2474873734152916,0.2474873734152916,0.2474873734152916,0.1237436867076458,0.0,0.0,0.0,0.0,0.0,0.1010362971081845,0.202072594216369,0.202072594216369,0.202072594216369,0.1010362971081845,0.0,0.0,0.0,0.3031088913245535,0.606217782649107,0.606217782649107,0.606217782649107,0.606217782649107,0.606217782649107,0.0,0.0,0.0,0.0,0.0,0.0,0.0,0.0875,0.175,0.175,0.0875,0.0,0.0,0.0,0.0875,0.175,0.175,0.175,0.0875,0.0,0.0,0.0,0.1010362971081845,0.202072594216369,0.202072594216369,0.202072594216369,0.1010362971081845,0.0,0.0,0.0,0.0,0.0,0.0,0.0,0.0,0.1010362971081845,0.202072594216369,0.202072594216369,0.202072594216369,0.202072594216369,0.1010362971081845,0.0,0.0,0.0
12,0.0,0.1010362971081845,0.202072594216369,0.202072594216369,0.202072594216369,0.202072594216369,0.202072594216369,0.202072594216369,0.202072594216369,0.202072594216369,0.1010362971081845,0.0,0.0,0.0,0.0,0.1237436867076458,0.2474873734152916,0.2474873734152916,0.2474873734152916,0.2474873734152916,0.2247799838158303,0.202072594216369,0.202072594216369,0.202072594216369,0.202072594216369,0.1010362971081845,0.0,0.0,0.0,0.1237436867076458,0.2474873734152916,0.2474873734152916,0.2474873734152916,0.2112436867076458,0.175,0.0875,0.0,0.0,0.0,0.0,0.0,0.0,0.0,0.0,0.0,0.0,0.0,0.1010362971081845,0.202072594216369,0.202072594216369,0.202072594216369,0.202072594216369,0.202072594216369,0.404145188432738,0.404145188432738,0.404145188432738,0.202072594216369,0.0,0.0,0.0,0.0875,0.175,0.175,0.0875,0.0,0.0,0.0,0.0875,0.175,0.175,0.175,0.0875,0.0,0.0,0.0,0.1010362971081845,0.202072594216369,0.202072594216369,0.202072594216369,0.1010362971081845,0.0,0.0,0.0,0.0,0.0875,0.175,0.175,0.175,0.0875,0.0,0.0,0.0,0.0,0.0,0.0,0.0,0.0
13,0.0,0.3031088913245535,0.606217782649107,0.606217782649107,0.606217782649107,0.606217782649107,0.3031088913245535,0.0,0.0,0.0,0.0,0.0,0.0,0.0,0.0,0.2474873734152916,0.4949747468305832,0.4949747468305832,0.4949747468305832,0.4949747468305832,0.2474873734152916,0.0,0.0,0.0,0.0,0.0,0.0,0.0,0.0,0.1237436867076458,0.2474873734152916,0.2474873734152916,0.2474873734152916,0.1237436867076458,0.0,0.0,0.0,0.0,0.0,0.1010362971081845,0.202072594216369,0.202072594216369,0.202072594216369,0.1010362971081845,0.0,0.0,0.0,0.3031088913245535,0.606217782649107,0.606217782649107,0.606217782649107,0.606217782649107,0.606217782649107,0.0,0.0,0.0,0.0,0.0,0.0,0.0,0.0875,0.175,0.175,0.0875,0.0,0.0,0.0,0.0875,0.175,0.175,0.175,0.0875,0.0,0.0,0.0,0.1010362971081845,0.202072594216369,0.202072594216369,0.202072594216369,0.1010362971081845,0.0,0.0,0.0,0.0,0.0,0.0,0.0,0.0,0.1010362971081845,0.202072594216369,0.202072594216369,0.202072594216369,0.202072594216369,0.1010362971081845,0.0,0.0,0.0
14,0.0,0.3031088913245535,0.606217782649107,0.606217782649107,0.606217782649107,0.606217782649107,0.3031088913245535,0.0,0.0,0.0,0.0,0.0,0.0,0.0,0.0,0.2474873734152916,0.4949747468305832,0.4949747468305832,0.4949747468305832,0.4949747468305832,0.2474873734152916,0.0,0.0,0.0,0.0,0.0,0.0,0.0,0.0,0.1237436867076458,0.2474873734152916,0.2474873734152916,0.2474873734152916,0.1237436867076458,0.0,0.0,0.0,0.0,0.0,0.1010362971081845,0.202072594216369,0.202072594216369,0.202072594216369,0.1010362971081845,0.0,0.0,0.0,0.3031088913245535,0.606217782649107,0.606217782649107,0.606217782649107,0.606217782649107,0.606217782649107,0.0,0.0,0.0,0.0,0.0,0.0,0.0,0.0875,0.175,0.175,0.0875,0.0,0.0,0.0,0.0875,0.175,0.175,0.175,0.0875,0.0,0.0,0.0,0.1010362971081845,0.202072594216369,0.202072594216369,0.202072594216369,0.1010362971081845,0.0,0.0,0.0,0.0,0.0,0.0,0.0,0.0,0.1010362971081845,0.202072594216369,0.202072594216369,0.202072594216369,0.202072594216369,0.1010362971081845,0.0,0.0,0.0
15,0.0,0.3031088913245535,0.606217782649107,0.606217782649107,0.606217782649107,0.606217782649107,0.3031088913245535,0.0,0.0,0.0,0.0,0.0,0.0,0.0,0.0,0.2474873734152916,0.4949747468305832,0.4949747468305832,0.4949747468305832,0.4949747468305832,0.2474873734152916,0.0,0.0,0.0,0.0,0.0,0.0,0.0,0.0,0.1237436867076458,0.2474873734152916,0.2474873734152916,0.2474873734152916,0.1237436867076458,0.0,0.0,0.0,0.0,0.0,0.1010362971081845,0.202072594216369,0.202072594216369,0.202072594216369,0.1010362971081845,0.0,0.0,0.0,0.3031088913245535,0.606217782649107,0.606217782649107,0.606217782649107,0.606217782649107,0.606217782649107,0.0,0.0,0.0,0.0,0.0,0.0,0.0,0.0875,0.175,0.175,0.0875,0.0,0.0,0.0,0.0875,0.175,0.175,0.175,0.0875,0.0,0.0,0.0,0.1010362971081845,0.202072594216369,0.202072594216369,0.202072594216369,0.1010362971081845,0.0,0.0,0.0,0.0,0.0,0.0,0.0,0.0,0.1010362971081845,0.202072594216369,0.202072594216369,0.202072594216369,0.202072594216369,0.1010362971081845,0.0,0.0,0.0
16,0.0,0.3031088913245535,0.606217782649107,0.606217782649107,0.606217782649107,0.606217782649107,0.3031088913245535,0.0,0.0,0.0,0.0,0.0,0.0,0.0,0.0,0.2474873734152916,0.4949747468305832,0.4949747468305832,0.4949747468305832,0.4949747468305832,0.2474873734152916,0.0,0.0,0.0,0.0,0.0,0.0,0.0,0.0,0.1237436867076458,0.2474873734152916,0.2474873734152916,0.2474873734152916,0.1237436867076458,0.0,0.0,0.0,0.0,0.0,0.1010362971081845,0.202072594216369,0.202072594216369,0.202072594216369,0.1010362971081845,0.0,0.0,0.0,0.3031088913245535,0.606217782649107,0.606217782649107,0.606217782649107,0.606217782649107,0.606217782649107,0.0,0.0,0.0,0.0,0.0,0.0,0.0,0.0875,0.175,0.175,0.0875,0.0,0.0,0.0,0.0875,0.175,0.175,0.175,0.0875,0.0,0.0,0.0,0.1010362971081845,0.202072594216369,0.202072594216369,0.202072594216369,0.1010362971081845,0.0,0.0,0.0,0.0,0.0,0.0,0.0,0.0,0.1010362971081845,0.202072594216369,0.202072594216369,0.202072594216369,0.202072594216369,0.1010362971081845,0.0,0.0,0.0
17,0.0,0.202072594216369,0.404145188432738,0.404145188432738,0.404145188432738,0.404145188432738,0.3031088913245535,0.202072594216369,0.202072594216369,0.202072594216369,0.1010362971081845,0.0,0.0,0.0,0.0,0.2474873734152916,0.4949747468305832,0.4949747468305832,0.4949747468305832,0.4949747468305832,0.2474873734152916,0.0,0.0,0.0,0.0,0.0,0.0,0.0,0.0,0.1237436867076458,0.2474873734152916,0.2474873734152916,0.2474873734152916,0.1237436867076458,0.0,0.0,0.0,0.0,0.0,0.1010362971081845,0.202072594216369,0.202072594216369,0.202072594216369,0.1010362971081845,0.0,0.0,0.0,0.202072594216369,0.404145188432738,0.404145188432738,0.404145188432738,0.404145188432738,0.404145188432738,0.202072594216369,0.202072594216369,0.202072594216369,0.1010362971081845,0.0,0.0,0.0,0.0875,0.175,0.175,0.0875,0.0,0.0,0.0,0.0875,0.175,0.175,0.175,0.0875,0.0,0.0,0.0,0.1010362971081845,0.202072594216369,0.202072594216369,0.202072594216369,0.1010362971081845,0.0,0.0,0.0,0.0,0.0,0.0,0.0,0.0,0.1010362971081845,0.202072594216369,0.202072594216369,0.202072594216369,0.202072594216369,0.1010362971081845,0.0,0.0,0.0
18,0.2474873734152916,0.3258162809240148,0.404145188432738,0.404145188432738,0.404145188432738,0.404145188432738,0.3031088913245535,0.202072594216369,0.202072594216369,0.202072594216369,0.1010362971081845,0.0,0.0,0.0,0.0,0.1237436867076458,0.2474873734152916,0.2474873734152916,0.2474873734152916,0.2474873734152916,0.1237436867076458,0.0,0.0,0.0,0.0,0.1237436867076458,0.2474873734152916,0.2474873734152916,0.2474873734152916,0.1237436867076458,0.0,0.0,0.0,0.0,0.0,0.1237436867076458,0.2474873734152916,0.2474873734152916,0.2474873734152916,0.2247799838158302,0.202072594216369,0.202072594216369,0.202072594216369,0.2247799838158302,0.2474873734152916,0.2474873734152916,0.2474873734152916,0.3258162809240148,0.404145188432738,0.404145188432738,0.404145188432738,0.404145188432738,0.404145188432738,0.0,0.0,0.0,0.1237436867076458,0.2474873734152916,0.2474873734152916,0.2474873734152916,0.4737436867076458,0.7,0.7,0.35,0.0,0.0,0.0,0.0,0.0,0.0,0.0,0.0,0.0,0.0,0.0,0.0,0.0,0.0,0.0,0.0,0.0,0.0,0.0,0.0,0.0875,0.175,0.175,0.175,0.1885362971081844,0.202072594216369,0.202072594216369,0.202072594216369,0.202072594216369,0.1010362971081845,0.0,0.0,0.0
19,0.0,0.202072594216369,0.404145188432738,0.404145188432738,0.404145188432738,0.404145188432738,0.202072594216369,0.0,0.0,0.0,0.0,0.0,0.0,0.0,0.0,0.1237436867076458,0.2474873734152916,0.2474873734152916,0.2474873734152916,0.2474873734152916,0.1237436867076458,0.0,0.0,0.0,0.0,0.0,0.0,0.0,0.0,0.0,0.0,0.0,0.0,0.0,0.0,0.0,0.0,0.0,0.0,0.0,0.0,0.0,0.0,0.0,0.0,0.0,0.0,0.202072594216369,0.404145188432738,0.404145188432738,0.404145188432738,0.404145188432738,0.404145188432738,0.0,0.0,0.0,0.0,0.0,0.0,0.0,0.175,0.35,0.35,0.175,0.0,0.0,0.0,0.0,0.0,0.0,0.0,0.0,0.0,0.0,0.0,0.0,0.0,0.0,0.0,0.0,0.0,0.0,0.0,0.0,0.0,0.0,0.0,0.0,0.0,0.0,0.0,0.0,0.0,0.0,0.0,0.0,0.0
20,0.2474873734152916,0.3258162809240148,0.404145188432738,0.404145188432738,0.404145188432738,0.404145188432738,0.202072594216369,0.0,0.0,0.0,0.1237436867076458,0.2474873734152916,0.2474873734152916,0.2474873734152916,0.2474873734152916,0.2474873734152916,0.2474873734152916,0.2474873734152916,0.2474873734152916,0.2474873734152916,0.1237436867076458,0.0,0.0,0.0,0.0,0.0,0.0,0.0,0.0,0.0,0.0,0.0,0.0,0.0,0.0,0.1237436867076458,0.2474873734152916,0.2474873734152916,0.2474873734152916,0.1237436867076458,0.0,0.0,0.0,0.1237436867076458,0.2474873734152916,0.2474873734152916,0.2474873734152916,0.3258162809240148,0.404145188432738,0.404145188432738,0.404145188432738,0.404145188432738,0.404145188432738,0.0,0.0,0.0,0.0,0.0,0.0,0.0,0.175,0.35,0.35,0.175,0.0,0.0,0.0,0.0,0.0,0.0,0.0,0.0,0.0,0.0,0.0,0.0,0.0,0.0,0.0,0.0,0.0,0.0,0.0,0.0,0.0875,0.175,0.175,0.175,0.0875,0.0,0.0,0.0,0.0,0.0,0.0,0.0,0.0
21,0.2474873734152916,0.3258162809240148,0.404145188432738,0.404145188432738,0.404145188432738,0.404145188432738,0.3031088913245535,0.202072594216369,0.202072594216369,0.202072594216369,0.1010362971081845,0.0,0.0,0.0,0.0,0.1237436867076458,0.2474873734152916,0.2474873734152916,0.2474873734152916,0.2474873734152916,0.1237436867076458,0.0,0.0,0.0,0.0,0.1237436867076458,0.2474873734152916,0.2474873734152916,0.2474873734152916,0.1237436867076458,0.0,0.0,0.0,0.0,0.0,0.1237436867076458,0.2474873734152916,0.2474873734152916,0.2474873734152916,0.2247799838158302,0.202072594216369,0.202072594216369,0.202072594216369,0.2247799838158302,0.2474873734152916,0.2474873734152916,0.2474873734152916,0.3258162809240148,0.404145188432738,0.404145188432738,0.404145188432738,0.404145188432738,0.404145188432738,0.0,0.0,0.0,0.1237436867076458,0.2474873734152916,0.2474873734152916,0.2474873734152916,0.4737436867076458,0.7,0.7,0.35,0.0,0.0,0.0,0.0,0.0,0.0,0.0,0.0,0.0,0.0,0.0,0.0,0.0,0.0,0.0,0.0,0.0,0.0,0.0,0.0,0.0875,0.175,0.175,0.175,0.1885362971081844,0.202072594216369,0.202072594216369,0.202072594216369,0.202072594216369,0.1010362971081845,0.0,0.0,0.0
22,0.0,0.202072594216369,0.404145188432738,0.404145188432738,0.404145188432738,0.404145188432738,0.3031088913245535,0.202072594216369,0.202072594216369,0.202072594216369,0.1010362971081845,0.0,0.0,0.0,0.0,0.2474873734152916,0.4949747468305832,0.4949747468305832,0.4949747468305832,0.4949747468305832,0.2474873734152916,0.0,0.0,0.0,0.0,0.0,0.0,0.0,0.0,0.1237436867076458,0.2474873734152916,0.2474873734152916,0.2474873734152916,0.1237436867076458,0.0,0.0,0.0,0.0,0.0,0.1010362971081845,0.202072594216369,0.202072594216369,0.202072594216369,0.1010362971081845,0.0,0.0,0.0,0.202072594216369,0.404145188432738,0.404145188432738,0.404145188432738,0.404145188432738,0.404145188432738,0.202072594216369,0.202072594216369,0.202072594216369,0.1010362971081845,0.0,0.0,0.0,0.0875,0.175,0.175,0.0875,0.0,0.0,0.0,0.0875,0.175,0.175,0.175,0.0875,0.0,0.0,0.0,0.1010362971081845,0.202072594216369,0.202072594216369,0.202072594216369,0.1010362971081845,0.0,0.0,0.0,0.0,0.0,0.0,0.0,0.0,0.1010362971081845,0.202072594216369,0.202072594216369,0.202072594216369,0.202072594216369,0.1010362971081845,0.0,0.0,0.0
23,0.2474873734152916,0.3258162809240148,0.404145188432738,0.404145188432738,0.404145188432738,0.404145188432738,0.202072594216369,0.0,0.0,0.0,0.1237436867076458,0.2474873734152916,0.2474873734152916,0.2474873734152916,0.2474873734152916,0.2474873734152916,0.2474873734152916,0.2474873734152916,0.2474873734152916,0.2474873734152916,0.1237436867076458,0.0,0.0,0.0,0.0,0.0,0.0,0.0,0.0,0.0,0.0,0.0,0.0,0.0,0.0,0.1237436867076458,0.2474873734152916,0.2474873734152916,0.2474873734152916,0.1237436867076458,0.0,0.0,0.0,0.1237436867076458,0.2474873734152916,0.2474873734152916,0.2474873734152916,0.3258162809240148,0.404145188432738,0.404145188432738,0.404145188432738,0.404145188432738,0.404145188432738,0.0,0.0,0.0,0.0,0.0,0.0,0.0,0.0875,0.175,0.175,0.0875,0.0,0.0,0.0,0.0,0.0,0.0,0.0,0.0,0.0,0.0,0.0,0.0,0.0,0.0,0.0,0.0,0.0,0.0,0.0,0.0,0.0875,0.175,0.175,0.175,0.0875,0.0,0.0,0.0,0.0,0.0,0.0,0.0,0.0
24,0.0,0.3031088913245535,0.606217782649107,0.606217782649107,0.606217782649107,0.606217782649107,0.3031088913245535,0.0,0.0,0.0,0.0,0.0,0.0,0.0,0.0,0.2474873734152916,0.4949747468305832,0.4949747468305832,0.4949747468305832,0.4949747468305832,0.2474873734152916,0.0,0.0,0.0,0.0,0.0,0.0,0.0,0.0,0.1237436867076458,0.2474873734152916,0.2474873734152916,0.2474873734152916,0.1237436867076458,0.0,0.0,0.0,0.0,0.0,0.1010362971081845,0.202072594216369,0.202072594216369,0.202072594216369,0.1010362971081845,0.0,0.0,0.0,0.3031088913245535,0.606217782649107,0.606217782649107,0.606217782649107,0.606217782649107,0.606217782649107,0.0,0.0,0.0,0.0,0.0,0.0,0.0,0.0875,0.175,0.175,0.0875,0.0,0.0,0.0,0.0875,0.175,0.175,0.175,0.0875,0.0,0.0,0.0,0.1010362971081845,0.202072594216369,0.202072594216369,0.202072594216369,0.1010362971081845,0.0,0.0,0.0,0.0,0.0,0.0,0.0,0.0,0.1010362971081845,0.202072594216369,0.202072594216369,0.202072594216369,0.202072594216369,0.1010362971081845,0.0,0.0,0.0
25,0.2474873734152916,0.2247799838158303,0.202072594216369,0.202072594216369,0.202072594216369,0.202072594216369,0.202072594216369,0.202072594216369,0.202072594216369,0.202072594216369,0.1010362971081845,0.0,0.0,0.0,0.0,0.1237436867076458,0.2474873734152916,0.2474873734152916,0.2474873734152916,0.2474873734152916,0.1237436867076458,0.0,0.0,0.0,0.0,0.1237436867076458,0.2474873734152916,0.2474873734152916,0.2474873734152916,0.1237436867076458,0.0,0.0,0.0,0.0,0.0,0.1237436867076458,0.2474873734152916,0.2474873734152916,0.2474873734152916,0.2247799838158302,0.202072594216369,0.202072594216369,0.202072594216369,0.2247799838158302,0.2474873734152916,0.2474873734152916,0.2474873734152916,0.2247799838158303,0.202072594216369,0.202072594216369,0.202072594216369,0.202072594216369,0.202072594216369,0.0,0.0,0.0,0.1237436867076458,0.2474873734152916,0.2474873734152916,0.2474873734152916,0.4737436867076458,0.7,0.7,0.35,0.0,0.0,0.0,0.0,0.0,0.0,0.0,0.0,0.0,0.0,0.0,0.0,0.0,0.0,0.0,0.0,0.0,0.0,0.0,0.0,0.0875,0.175,0.175,0.175,0.1885362971081844,0.202072594216369,0.202072594216369,0.202072594216369,0.202072594216369,0.1010362971081845,0.0,0.0,0.0
26,0.0,0.1010362971081845,0.202072594216369,0.202072594216369,0.202072594216369,0.202072594216369,0.202072594216369,0.202072594216369,0.202072594216369,0.202072594216369,0.1010362971081845,0.0,0.0,0.0,0.0,0.1237436867076458,0.2474873734152916,0.2474873734152916,0.2474873734152916,0.2474873734152916,0.1237436867076458,0.0,0.0,0.0,0.0,0.0,0.0,0.0,0.0,0.1237436867076458,0.2474873734152916,0.2474873734152916,0.2474873734152916,0.1237436867076458,0.0,0.0,0.0,0.0,0.0,0.1010362971081845,0.202072594216369,0.202072594216369,0.202072594216369,0.1010362971081845,0.0,0.0,0.0,0.1010362971081845,0.202072594216369,0.202072594216369,0.202072594216369,0.202072594216369,0.202072594216369,0.202072594216369,0.202072594216369,0.202072594216369,0.1010362971081845,0.0,0.0,0.0,0.0,0.0,0.0,0.0,0.0,0.0,0.0,0.0875,0.175,0.175,0.175,0.0875,0.0,0.0,0.0,0.1010362971081845,0.202072594216369,0.202072594216369,0.202072594216369,0.1010362971081845,0.0,0.0,0.0,0.0,0.0,0.0,0.0,0.0,0.1010362971081845,0.202072594216369,0.202072594216369,0.202072594216369,0.202072594216369,0.1010362971081845,0.0,0.0,0.0
27,0.2474873734152916,0.3258162809240148,0.404145188432738,0.404145188432738,0.404145188432738,0.404145188432738,0.3031088913245535,0.202072594216369,0.202072594216369,0.202072594216369,0.1010362971081845,0.0,0.0,0.0,0.0,0.1237436867076458,0.2474873734152916,0.2474873734152916,0.2474873734152916,0.2474873734152916,0.1237436867076458,0.0,0.0,0.0,0.0,0.1237436867076458,0.2474873734152916,0.2474873734152916,0.2474873734152916,0.1237436867076458,0.0,0.0,0.0,0.0,0.0,0.1237436867076458,0.2474873734152916,0.2474873734152916,0.2474873734152916,0.2247799838158302,0.202072594216369,0.202072594216369,0.202072594216369,0.2247799838158302,0.2474873734152916,0.2474873734152916,0.2474873734152916,0.3258162809240148,0.404145188432738,0.404145188432738,0.404145188432738,0.404145188432738,0.404145188432738,0.0,0.0,0.0,0.1237436867076458,0.2474873734152916,0.2474873734152916,0.2474873734152916,0.4737436867076458,0.7,0.7,0.35,0.0,0.0,0.0,0.0,0.0,0.0,0.0,0.0,0.0,0.0,0.0,0.0,0.0,0.0,0.0,0.0,0.0,0.0,0.0,0.0,0.0875,0.175,0.175,0.175,0.1885362971081844,0.202072594216369,0.202072594216369,0.202072594216369,0.202072594216369,0.1010362971081845,0.0,0.0,0.0
28,0.2474873734152916,0.3258162809240148,0.404145188432738,0.404145188432738,0.404145188432738,0.404145188432738,0.3031088913245535,0.202072594216369,0.202072594216369,0.202072594216369,0.1010362971081845,0.0,0.0,0.0,0.0,0.2474873734152916,0.4949747468305832,0.4949747468305832,0.4949747468305832,0.4949747468305832,0.2474873734152916,0.0,0.0,0.0,0.0,0.1237436867076458,0.2474873734152916,0.2474873734152916,0.2474873734152916,0.2474873734152916,0.2474873734152916,0.2474873734152916,0.2474873734152916,0.1237436867076458,0.0,0.1237436867076458,0.2474873734152916,0.2474873734152916,0.2474873734152916,0.3258162809240147,0.404145188432738,0.404145188432738,0.404145188432738,0.3258162809240147,0.2474873734152916,0.2474873734152916,0.2474873734152916,0.3258162809240148,0.404145188432738,0.404145188432738,0.404145188432738,0.404145188432738,0.404145188432738,0.0,0.0,0.0,0.1237436867076458,0.2474873734152916,0.2474873734152916,0.2474873734152916,0.2987436867076458,0.35,0.35,0.175,0.0,0.0,0.0,0.0875,0.175,0.175,0.175,0.0875,0.0,0.0,0.0,0.1010362971081845,0.202072594216369,0.202072594216369,0.202072594216369,0.1010362971081845,0.0,0.0,0.0,0.0,0.0875,0.175,0.175,0.175,0.2895725942163689,0.404145188432738,0.404145188432738,0.404145188432738,0.404145188432738,0.202072594216369,0.0,0.0,0.0
29,0.2474873734152916,0.3258162809240148,0.404145188432738,0.404145188432738,0.404145188432738,0.404145188432738,0.3031088913245535,0.202072594216369,0.202072594216369,0.202072594216369,0.1010362971081845,0.0,0.0,0.0,0.0,0.1237436867076458,0.2474873734152916,0.2474873734152916,0.2474873734152916,0.2474873734152916,0.1237436867076458,0.0,0.0,0.0,0.0,0.1237436867076458,0.2474873734152916,0.2474873734152916,0.2474873734152916,0.2474873734152916,0.2474873734152916,0.2474873734152916,0.2474873734152916,0.1237436867076458,0.0,0.1237436867076458,0.2474873734152916,0.2474873734152916,0.2474873734152916,0.3258162809240147,0.404145188432738,0.404145188432738,0.404145188432738,0.3258162809240147,0.2474873734152916,0.2474873734152916,0.2474873734152916,0.3258162809240148,0.404145188432738,0.404145188432738,0.404145188432738,0.404145188432738,0.404145188432738,0.0,0.0,0.0,0.1237436867076458,0.2474873734152916,0.2474873734152916,0.2474873734152916,0.2112436867076458,0.175,0.175,0.0875,0.0,0.0,0.0,0.0875,0.175,0.175,0.175,0.0875,0.0,0.0,0.0,0.1010362971081845,0.202072594216369,0.202072594216369,0.202072594216369,0.1010362971081845,0.0,0.0,0.0,0.0,0.0875,0.175,0.175,0.175,0.2895725942163689,0.404145188432738,0.404145188432738,0.404145188432738,0.404145188432738,0.202072594216369,0.0,0.0,0.0
30,0.0,0.202072594216369,0.404145188432738,0.404145188432738,0.404145188432738,0.404145188432738,0.3031088913245535,0.202072594216369,0.202072594216369,0.202072594216369,0.1010362971081845,0.0,0.0,0.0,0.0,0.2474873734152916,0.4949747468305832,0.4949747468305832,0.4949747468305832,0.4949747468305832,0.2474873734152916,0.0,0.0,0.0,0.0,0.0,0.0,0.0,0.0,0.1237436867076458,0.2474873734152916,0.2474873734152916,0.2474873734152916,0.1237436867076458,0.0,0.0,0.0,0.0,0.0,0.1010362971081845,0.202072594216369,0.202072594216369,0.202072594216369,0.1010362971081845,0.0,0.0,0.0,0.202072594216369,0.404145188432738,0.404145188432738,0.404145188432738,0.404145188432738,0.404145188432738,0.202072594216369,0.202072594216369,0.202072594216369,0.1010362971081845,0.0,0.0,0.0,0.0875,0.175,0.175,0.0875,0.0,0.0,0.0,0.0875,0.175,0.175,0.175,0.0875,0.0,0.0,0.0,0.1010362971081845,0.202072594216369,0.202072594216369,0.202072594216369,0.1010362971081845,0.0,0.0,0.0,0.0,0.0,0.0,0.0,0.0,0.1010362971081845,0.202072594216369,0.202072594216369,0.202072594216369,0.202072594216369,0.1010362971081845,0.0,0.0,0.0
31,0.0,0.202072594216369,0.404145188432738,0.404145188432738,0.404145188432738,0.404145188432738,0.3031088913245535,0.202072594216369,0.202072594216369,0.202072594216369,0.1010362971081845,0.0,0.0,0.0,0.0,0.2474873734152916,0.4949747468305832,0.4949747468305832,0.4949747468305832,0.4949747468305832,0.2474873734152916,0.0,0.0,0.0,0.0,0.0,0.0,0.0,0.0,0.1237436867076458,0.2474873734152916,0.2474873734152916,0.2474873734152916,0.1237436867076458,0.0,0.0,0.0,0.0,0.0,0.1010362971081845,0.202072594216369,0.202072594216369,0.202072594216369,0.1010362971081845,0.0,0.0,0.0,0.202072594216369,0.404145188432738,0.404145188432738,0.404145188432738,0.404145188432738,0.404145188432738,0.202072594216369,0.202072594216369,0.202072594216369,0.1010362971081845,0.0,0.0,0.0,0.0875,0.175,0.175,0.0875,0.0,0.0,0.0,0.0875,0.175,0.175,0.175,0.0875,0.0,0.0,0.0,0.1010362971081845,0.202072594216369,0.202072594216369,0.202072594216369,0.1010362971081845,0.0,0.0,0.0,0.0,0.0,0.0,0.0,0.0,0.1010362971081845,0.202072594216369,0.202072594216369,0.202072594216369,0.202072594216369,0.1010362971081845,0.0,0.0,0.0
32,0.2474873734152916,0.3258162809240148,0.404145188432738,0.404145188432738,0.404145188432738,0.404145188432738,0.3031088913245535,0.202072594216369,0.202072594216369,0.202072594216369,0.1010362971081845,0.0,0.0,0.0,0.0,0.1237436867076458,0.2474873734152916,0.2474873734152916,0.2474873734152916,0.2474873734152916,0.1237436867076458,0.0,0.0,0.0,0.0,0.1237436867076458,0.2474873734152916,0.2474873734152916,0.2474873734152916,0.1237436867076458,0.0,0.0,0.0,0.0,0.0,0.1237436867076458,0.2474873734152916,0.2474873734152916,0.2474873734152916,0.2247799838158302,0.202072594216369,0.202072594216369,0.202072594216369,0.2247799838158302,0.2474873734152916,0.2474873734152916,0.2474873734152916,0.3258162809240148,0.404145188432738,0.404145188432738,0.404145188432738,0.404145188432738,0.404145188432738,0.0,0.0,0.0,0.1237436867076458,0.2474873734152916,0.2474873734152916,0.2474873734152916,0.2987436867076458,0.35,0.35,0.175,0.0,0.0,0.0,0.0,0.0,0.0,0.0,0.0,0.0,0.0,0.0,0.0,0.0,0.0,0.0,0.0,0.0,0.0,0.0,0.0,0.0875,0.175,0.175,0.175,0.1885362971081844,0.202072594216369,0.202072594216369,0.202072594216369,0.202072594216369,0.1010362971081845,0.0,0.0,0.0
33,0.0,0.202072594216369,0.404145188432738,0.404145188432738,0.404145188432738,0.404145188432738,0.3031088913245535,0.202072594216369,0.202072594216369,0.202072594216369,0.1010362971081845,0.0,0.0,0.0,0.0,0.2474873734152916,0.4949747468305832,0.4949747468305832,0.4949747468305832,0.4949747468305832,0.2474873734152916,0.0,0.0,0.0,0.0,0.0,0.0,0.0,0.0,0.1237436867076458,0.2474873734152916,0.2474873734152916,0.2474873734152916,0.1237436867076458,0.0,0.0,0.0,0.0,0.0,0.1010362971081845,0.202072594216369,0.202072594216369,0.202072594216369,0.1010362971081845,0.0,0.0,0.0,0.202072594216369,0.404145188432738,0.404145188432738,0.404145188432738,0.404145188432738,0.404145188432738,0.202072594216369,0.202072594216369,0.202072594216369,0.1010362971081845,0.0,0.0,0.0,0.0875,0.175,0.175,0.0875,0.0,0.0,0.0,0.0875,0.175,0.175,0.175,0.0875,0.0,0.0,0.0,0.1010362971081845,0.202072594216369,0.202072594216369,0.202072594216369,0.1010362971081845,0.0,0.0,0.0,0.0,0.0,0.0,0.0,0.0,0.1010362971081845,0.202072594216369,0.202072594216369,0.202072594216369,0.202072594216369,0.1010362971081845,0.0,0.0,0.0
34,0.0,0.1010362971081845,0.202072594216369,0.202072594216369,0.202072594216369,0.202072594216369,0.1010362971081845,0.0,0.0,0.0,0.0,0.0,0.0,0.0,0.0,0.1237436867076458,0.2474873734152916,0.2474873734152916,0.2474873734152916,0.2474873734152916,0.3258162809240148,0.404145188432738,0.404145188432738,0.404145188432738,0.404145188432738,0.202072594216369,0.0,0.0,0.0,0.2474873734152916,0.4949747468305832,0.4949747468305832,0.4949747468305832,0.3349873734152916,0.175,0.0875,0.0,0.0,0.0,0.1010362971081845,0.202072594216369,0.202072594216369,0.202072594216369,0.1010362971081845,0.0,0.0,0.0,0.1010362971081845,0.202072594216369,0.202072594216369,0.202072594216369,0.202072594216369,0.202072594216369,0.202072594216369,0.202072594216369,0.202072594216369,0.1010362971081845,0.0,0.0,0.0,0.0,0.0,0.0,0.0,0.0,0.0,0.0,0.26249999999999996,0.5249999999999999,0.5249999999999999,0.5249999999999999,0.26249999999999996,0.0,0.0,0.0,0.3031088913245535,0.606217782649107,0.606217782649107,0.606217782649107,0.3031088913245535,0.0,0.0,0.0,0.0,0.175,0.35,0.35,0.35,0.37707259421636885,0.404145188432738,0.404145188432738,0.404145188432738,0.404145188432738,0.202072594216369,0.0,0.0,0.0
35,0.2474873734152916,0.1237436867076458,0.0,0.0,0.0,0.0,0.1010362971081845,0.202072594216369,0.202072594216369,0.202072594216369,0.1010362971081845,0.0,0.0,0.0,0.0,0.0,0.0,0.0,0.0,0.0,0.0,0.0,0.0,0.0,0.0,0.1237436867076458,0.2474873734152916,0.2474873734152916,0.2474873734152916,0.1237436867076458,0.0,0.0,0.0,0.0,0.0,0.1237436867076458,0.2474873734152916,0.2474873734152916,0.2474873734152916,0.2247799838158302,0.202072594216369,0.202072594216369,0.202072594216369,0.2247799838158302,0.2474873734152916,0.2474873734152916,0.2474873734152916,0.1237436867076458,0.0,0.0,0.0,0.0,0.0,0.0,0.0,0.0,0.1237436867076458,0.2474873734152916,0.2474873734152916,0.2474873734152916,0.38624368670764575,0.5249999999999999,0.5249999999999999,0.26249999999999996,0.0,0.0,0.0,0.0,0.0,0.0,0.0,0.0,0.0,0.0,0.0,0.0,0.0,0.0,0.0,0.0,0.0,0.0,0.0,0.0,0.0875,0.175,0.175,0.175,0.1885362971081844,0.202072594216369,0.202072594216369,0.202072594216369,0.202072594216369,0.1010362971081845,0.0,0.0,0.0
36,0.0,0.202072594216369,0.404145188432738,0.404145188432738,0.404145188432738,0.404145188432738,0.3031088913245535,0.202072594216369,0.202072594216369,0.202072594216369,0.1010362971081845,0.0,0.0,0.0,0.0,0.2474873734152916,0.4949747468305832,0.4949747468305832,0.4949747468305832,0.4949747468305832,0.2474873734152916,0.0,0.0,0.0,0.0,0.0,0.0,0.0,0.0,0.1237436867076458,0.2474873734152916,0.2474873734152916,0.2474873734152916,0.1237436867076458,0.0,0.0,0.0,0.0,0.0,0.1010362971081845,0.202072594216369,0.202072594216369,0.202072594216369,0.1010362971081845,0.0,0.0,0.0,0.202072594216369,0.404145188432738,0.404145188432738,0.404145188432738,0.404145188432738,0.404145188432738,0.202072594216369,0.202072594216369,0.202072594216369,0.1010362971081845,0.0,0.0,0.0,0.0875,0.175,0.175,0.0875,0.0,0.0,0.0,0.0875,0.175,0.175,0.175,0.0875,0.0,0.0,0.0,0.1010362971081845,0.202072594216369,0.202072594216369,0.202072594216369,0.1010362971081845,0.0,0.0,0.0,0.0,0.0,0.0,0.0,0.0,0.1010362971081845,0.202072594216369,0.202072594216369,0.202072594216369,0.202072594216369,0.1010362971081845,0.0,0.0,0.0
37,0.2474873734152916,0.3258162809240148,0.404145188432738,0.404145188432738,0.404145188432738,0.404145188432738,0.202072594216369,0.0,0.0,0.0,0.1237436867076458,0.2474873734152916,0.2474873734152916,0.2474873734152916,0.2474873734152916,0.2474873734152916,0.2474873734152916,0.2474873734152916,0.2474873734152916,0.2474873734152916,0.1237436867076458,0.0,0.0,0.0,0.0,0.0,0.0,0.0,0.0,0.0,0.0,0.0,0.0,0.0,0.0,0.1237436867076458,0.2474873734152916,0.2474873734152916,0.2474873734152916,0.1237436867076458,0.0,0.0,0.0,0.1237436867076458,0.2474873734152916,0.2474873734152916,0.2474873734152916,0.3258162809240148,0.404145188432738,0.404145188432738,0.404145188432738,0.404145188432738,0.404145188432738,0.0,0.0,0.0,0.0,0.0,0.0,0.0,0.175,0.35,0.35,0.175,0.0,0.0,0.0,0.0,0.0,0.0,0.0,0.0,0.0,0.0,0.0,0.0,0.0,0.0,0.0,0.0,0.0,0.0,0.0,0.0,0.0875,0.175,0.175,0.175,0.0875,0.0,0.0,0.0,0.0,0.0,0.0,0.0,0.0
38,0.0,0.202072594216369,0.404145188432738,0.404145188432738,0.404145188432738,0.404145188432738,0.202072594216369,0.0,0.0,0.0,0.0,0.0,0.0,0.0,0.0,0.2474873734152916,0.4949747468305832,0.4949747468305832,0.4949747468305832,0.4949747468305832,0.2474873734152916,0.0,0.0,0.0,0.0,0.0,0.0,0.0,0.0,0.1237436867076458,0.2474873734152916,0.2474873734152916,0.2474873734152916,0.1237436867076458,0.0,0.0,0.0,0.0,0.0,0.1010362971081845,0.202072594216369,0.202072594216369,0.202072594216369,0.1010362971081845,0.0,0.0,0.0,0.202072594216369,0.404145188432738,0.404145188432738,0.404145188432738,0.404145188432738,0.404145188432738,0.0,0.0,0.0,0.0,0.0,0.0,0.0,0.0875,0.175,0.175,0.0875,0.0,0.0,0.0,0.0875,0.175,0.175,0.175,0.0875,0.0,0.0,0.0,0.1010362971081845,0.202072594216369,0.202072594216369,0.202072594216369,0.1010362971081845,0.0,0.0,0.0,0.0,0.0,0.0,0.0,0.0,0.1010362971081845,0.202072594216369,0.202072594216369,0.202072594216369,0.202072594216369,0.1010362971081845,0.0,0.0,0.0
